"Host","Route","FullUrl","Source"
"aceseeds.org","/wc/store/products","https://aceseeds.org/wp-json/wc/store/products","wp"
"aceseeds.org","/wc/store/products/(?P<id>[\d]+)","https://aceseeds.org/wp-json/wc/store/products/(?P<id>[\d]+)","wp"
"aceseeds.org","/wc/store/products/(?P<slug>[\S]+)","https://aceseeds.org/wp-json/wc/store/products/(?P<slug>[\S]+)","wp"
"aceseeds.org","/wc/store/products/attributes","https://aceseeds.org/wp-json/wc/store/products/attributes","wp"
"aceseeds.org","/wc/store/products/attributes/(?P<attribute_id>[\d]+)/terms","https://aceseeds.org/wp-json/wc/store/products/attributes/(?P<attribute_id>[\d]+)/terms","wp"
"aceseeds.org","/wc/store/products/attributes/(?P<id>[\d]+)","https://aceseeds.org/wp-json/wc/store/products/attributes/(?P<id>[\d]+)","wp"
"aceseeds.org","/wc/store/products/brands","https://aceseeds.org/wp-json/wc/store/products/brands","wp"
"aceseeds.org","/wc/store/products/brands/(?P<identifier>[\w-]+)","https://aceseeds.org/wp-json/wc/store/products/brands/(?P<identifier>[\w-]+)","wp"
"aceseeds.org","/wc/store/products/categories","https://aceseeds.org/wp-json/wc/store/products/categories","wp"
"aceseeds.org","/wc/store/products/categories/(?P<id>[\d]+)","https://aceseeds.org/wp-json/wc/store/products/categories/(?P<id>[\d]+)","wp"
"aceseeds.org","/wc/store/products/collection-data","https://aceseeds.org/wp-json/wc/store/products/collection-data","wp"
"aceseeds.org","/wc/store/products/reviews","https://aceseeds.org/wp-json/wc/store/products/reviews","wp"
"aceseeds.org","/wc/store/products/tags","https://aceseeds.org/wp-json/wc/store/products/tags","wp"
"aceseeds.org","/wc/v2/products","https://aceseeds.org/wp-json/wc/v2/products","wp"
"aceseeds.org","/wc/v2/products/(?P<id>[\d]+)","https://aceseeds.org/wp-json/wc/v2/products/(?P<id>[\d]+)","wp"
"aceseeds.org","/wc/v2/products/(?P<product_id>[\d]+)/reviews","https://aceseeds.org/wp-json/wc/v2/products/(?P<product_id>[\d]+)/reviews","wp"
"aceseeds.org","/wc/v2/products/(?P<product_id>[\d]+)/reviews/(?P<id>[\d]+)","https://aceseeds.org/wp-json/wc/v2/products/(?P<product_id>[\d]+)/reviews/(?P<id>[\d]+)","wp"
"aceseeds.org","/wc/v2/products/(?P<product_id>[\d]+)/reviews/batch","https://aceseeds.org/wp-json/wc/v2/products/(?P<product_id>[\d]+)/reviews/batch","wp"
"aceseeds.org","/wc/v2/products/(?P<product_id>[\d]+)/variations","https://aceseeds.org/wp-json/wc/v2/products/(?P<product_id>[\d]+)/variations","wp"
"aceseeds.org","/wc/v2/products/(?P<product_id>[\d]+)/variations/(?P<id>[\d]+)","https://aceseeds.org/wp-json/wc/v2/products/(?P<product_id>[\d]+)/variations/(?P<id>[\d]+)","wp"
"aceseeds.org","/wc/v2/products/(?P<product_id>[\d]+)/variations/batch","https://aceseeds.org/wp-json/wc/v2/products/(?P<product_id>[\d]+)/variations/batch","wp"
"aceseeds.org","/wc/v2/products/attributes","https://aceseeds.org/wp-json/wc/v2/products/attributes","wp"
"aceseeds.org","/wc/v2/products/attributes/(?P<attribute_id>[\d]+)/terms","https://aceseeds.org/wp-json/wc/v2/products/attributes/(?P<attribute_id>[\d]+)/terms","wp"
"aceseeds.org","/wc/v2/products/attributes/(?P<attribute_id>[\d]+)/terms/(?P<id>[\d]+)","https://aceseeds.org/wp-json/wc/v2/products/attributes/(?P<attribute_id>[\d]+)/terms/(?P<id>[\d]+)","wp"
"aceseeds.org","/wc/v2/products/attributes/(?P<attribute_id>[\d]+)/terms/batch","https://aceseeds.org/wp-json/wc/v2/products/attributes/(?P<attribute_id>[\d]+)/terms/batch","wp"
"aceseeds.org","/wc/v2/products/attributes/(?P<id>[\d]+)","https://aceseeds.org/wp-json/wc/v2/products/attributes/(?P<id>[\d]+)","wp"
"aceseeds.org","/wc/v2/products/attributes/batch","https://aceseeds.org/wp-json/wc/v2/products/attributes/batch","wp"
"aceseeds.org","/wc/v2/products/batch","https://aceseeds.org/wp-json/wc/v2/products/batch","wp"
"aceseeds.org","/wc/v2/products/brands","https://aceseeds.org/wp-json/wc/v2/products/brands","wp"
"aceseeds.org","/wc/v2/products/brands/(?P<id>[\d]+)","https://aceseeds.org/wp-json/wc/v2/products/brands/(?P<id>[\d]+)","wp"
"aceseeds.org","/wc/v2/products/brands/batch","https://aceseeds.org/wp-json/wc/v2/products/brands/batch","wp"
"aceseeds.org","/wc/v2/products/categories","https://aceseeds.org/wp-json/wc/v2/products/categories","wp"
"aceseeds.org","/wc/v2/products/categories/(?P<id>[\d]+)","https://aceseeds.org/wp-json/wc/v2/products/categories/(?P<id>[\d]+)","wp"
"aceseeds.org","/wc/v2/products/categories/batch","https://aceseeds.org/wp-json/wc/v2/products/categories/batch","wp"
"aceseeds.org","/wc/v2/products/shipping_classes","https://aceseeds.org/wp-json/wc/v2/products/shipping_classes","wp"
"aceseeds.org","/wc/v2/products/shipping_classes/(?P<id>[\d]+)","https://aceseeds.org/wp-json/wc/v2/products/shipping_classes/(?P<id>[\d]+)","wp"
"aceseeds.org","/wc/v2/products/shipping_classes/batch","https://aceseeds.org/wp-json/wc/v2/products/shipping_classes/batch","wp"
"aceseeds.org","/wc/v2/products/tags","https://aceseeds.org/wp-json/wc/v2/products/tags","wp"
"aceseeds.org","/wc/v2/products/tags/(?P<id>[\d]+)","https://aceseeds.org/wp-json/wc/v2/products/tags/(?P<id>[\d]+)","wp"
"aceseeds.org","/wc/v2/products/tags/batch","https://aceseeds.org/wp-json/wc/v2/products/tags/batch","wp"
"aceseeds.org","/wc/v3/products","https://aceseeds.org/wp-json/wc/v3/products","wp"
"aceseeds.org","/wc/v3/products/(?P<id>[\d]+)","https://aceseeds.org/wp-json/wc/v3/products/(?P<id>[\d]+)","wp"
"aceseeds.org","/wc/v3/products/(?P<id>[\d]+)/duplicate","https://aceseeds.org/wp-json/wc/v3/products/(?P<id>[\d]+)/duplicate","wp"
"aceseeds.org","/wc/v3/products/(?P<product_id>[\d]+)/variations","https://aceseeds.org/wp-json/wc/v3/products/(?P<product_id>[\d]+)/variations","wp"
"aceseeds.org","/wc/v3/products/(?P<product_id>[\d]+)/variations/(?P<id>[\d]+)","https://aceseeds.org/wp-json/wc/v3/products/(?P<product_id>[\d]+)/variations/(?P<id>[\d]+)","wp"
"aceseeds.org","/wc/v3/products/(?P<product_id>[\d]+)/variations/batch","https://aceseeds.org/wp-json/wc/v3/products/(?P<product_id>[\d]+)/variations/batch","wp"
"aceseeds.org","/wc/v3/products/(?P<product_id>[\d]+)/variations/generate","https://aceseeds.org/wp-json/wc/v3/products/(?P<product_id>[\d]+)/variations/generate","wp"
"aceseeds.org","/wc/v3/products/attributes","https://aceseeds.org/wp-json/wc/v3/products/attributes","wp"
"aceseeds.org","/wc/v3/products/attributes/(?P<attribute_id>[\d]+)/terms","https://aceseeds.org/wp-json/wc/v3/products/attributes/(?P<attribute_id>[\d]+)/terms","wp"
"aceseeds.org","/wc/v3/products/attributes/(?P<attribute_id>[\d]+)/terms/(?P<id>[\d]+)","https://aceseeds.org/wp-json/wc/v3/products/attributes/(?P<attribute_id>[\d]+)/terms/(?P<id>[\d]+)","wp"
"aceseeds.org","/wc/v3/products/attributes/(?P<attribute_id>[\d]+)/terms/batch","https://aceseeds.org/wp-json/wc/v3/products/attributes/(?P<attribute_id>[\d]+)/terms/batch","wp"
"aceseeds.org","/wc/v3/products/attributes/(?P<id>[\d]+)","https://aceseeds.org/wp-json/wc/v3/products/attributes/(?P<id>[\d]+)","wp"
"aceseeds.org","/wc/v3/products/attributes/batch","https://aceseeds.org/wp-json/wc/v3/products/attributes/batch","wp"
"aceseeds.org","/wc/v3/products/batch","https://aceseeds.org/wp-json/wc/v3/products/batch","wp"
"aceseeds.org","/wc/v3/products/brands","https://aceseeds.org/wp-json/wc/v3/products/brands","wp"
"aceseeds.org","/wc/v3/products/brands/(?P<id>[\d]+)","https://aceseeds.org/wp-json/wc/v3/products/brands/(?P<id>[\d]+)","wp"
"aceseeds.org","/wc/v3/products/brands/batch","https://aceseeds.org/wp-json/wc/v3/products/brands/batch","wp"
"aceseeds.org","/wc/v3/products/categories","https://aceseeds.org/wp-json/wc/v3/products/categories","wp"
"aceseeds.org","/wc/v3/products/categories/(?P<id>[\d]+)","https://aceseeds.org/wp-json/wc/v3/products/categories/(?P<id>[\d]+)","wp"
"aceseeds.org","/wc/v3/products/categories/batch","https://aceseeds.org/wp-json/wc/v3/products/categories/batch","wp"
"aceseeds.org","/wc/v3/products/custom-fields/names","https://aceseeds.org/wp-json/wc/v3/products/custom-fields/names","wp"
"aceseeds.org","/wc/v3/products/reviews","https://aceseeds.org/wp-json/wc/v3/products/reviews","wp"
"aceseeds.org","/wc/v3/products/reviews/(?P<id>[\d]+)","https://aceseeds.org/wp-json/wc/v3/products/reviews/(?P<id>[\d]+)","wp"
"aceseeds.org","/wc/v3/products/reviews/batch","https://aceseeds.org/wp-json/wc/v3/products/reviews/batch","wp"
"aceseeds.org","/wc/v3/products/shipping_classes","https://aceseeds.org/wp-json/wc/v3/products/shipping_classes","wp"
"aceseeds.org","/wc/v3/products/shipping_classes/(?P<id>[\d]+)","https://aceseeds.org/wp-json/wc/v3/products/shipping_classes/(?P<id>[\d]+)","wp"
"aceseeds.org","/wc/v3/products/shipping_classes/batch","https://aceseeds.org/wp-json/wc/v3/products/shipping_classes/batch","wp"
"aceseeds.org","/wc/v3/products/shipping_classes/slug-suggestion","https://aceseeds.org/wp-json/wc/v3/products/shipping_classes/slug-suggestion","wp"
"aceseeds.org","/wc/v3/products/suggested-products","https://aceseeds.org/wp-json/wc/v3/products/suggested-products","wp"
"aceseeds.org","/wc/v3/products/tags","https://aceseeds.org/wp-json/wc/v3/products/tags","wp"
"aceseeds.org","/wc/v3/products/tags/(?P<id>[\d]+)","https://aceseeds.org/wp-json/wc/v3/products/tags/(?P<id>[\d]+)","wp"
"aceseeds.org","/wc/v3/products/tags/batch","https://aceseeds.org/wp-json/wc/v3/products/tags/batch","wp"
"aceseeds.org","/wp/v2/categories","https://aceseeds.org/wp-json/wp/v2/categories","wp"
"aceseeds.org","/wp/v2/categories/(?P<id>[\d]+)","https://aceseeds.org/wp-json/wp/v2/categories/(?P<id>[\d]+)","wp"
"aceseeds.org","/wp/v2/media","https://aceseeds.org/wp-json/wp/v2/media","wp"
"aceseeds.org","/wp/v2/media/(?P<id>[\d]+)","https://aceseeds.org/wp-json/wp/v2/media/(?P<id>[\d]+)","wp"
"aceseeds.org","/wp/v2/media/(?P<id>[\d]+)/edit","https://aceseeds.org/wp-json/wp/v2/media/(?P<id>[\d]+)/edit","wp"
"aceseeds.org","/wp/v2/media/(?P<id>[\d]+)/post-process","https://aceseeds.org/wp-json/wp/v2/media/(?P<id>[\d]+)/post-process","wp"
"aceseeds.org","/wp/v2/pages","https://aceseeds.org/wp-json/wp/v2/pages","wp"
"aceseeds.org","/wp/v2/pages/(?P<id>[\d]+)","https://aceseeds.org/wp-json/wp/v2/pages/(?P<id>[\d]+)","wp"
"aceseeds.org","/wp/v2/pages/(?P<id>[\d]+)/autosaves","https://aceseeds.org/wp-json/wp/v2/pages/(?P<id>[\d]+)/autosaves","wp"
"aceseeds.org","/wp/v2/pages/(?P<parent>[\d]+)/autosaves/(?P<id>[\d]+)","https://aceseeds.org/wp-json/wp/v2/pages/(?P<parent>[\d]+)/autosaves/(?P<id>[\d]+)","wp"
"aceseeds.org","/wp/v2/pages/(?P<parent>[\d]+)/revisions","https://aceseeds.org/wp-json/wp/v2/pages/(?P<parent>[\d]+)/revisions","wp"
"aceseeds.org","/wp/v2/pages/(?P<parent>[\d]+)/revisions/(?P<id>[\d]+)","https://aceseeds.org/wp-json/wp/v2/pages/(?P<parent>[\d]+)/revisions/(?P<id>[\d]+)","wp"
"aceseeds.org","/wp/v2/posts","https://aceseeds.org/wp-json/wp/v2/posts","wp"
"aceseeds.org","/wp/v2/posts/(?P<id>[\d]+)","https://aceseeds.org/wp-json/wp/v2/posts/(?P<id>[\d]+)","wp"
"aceseeds.org","/wp/v2/posts/(?P<id>[\d]+)/autosaves","https://aceseeds.org/wp-json/wp/v2/posts/(?P<id>[\d]+)/autosaves","wp"
"aceseeds.org","/wp/v2/posts/(?P<parent>[\d]+)/autosaves/(?P<id>[\d]+)","https://aceseeds.org/wp-json/wp/v2/posts/(?P<parent>[\d]+)/autosaves/(?P<id>[\d]+)","wp"
"aceseeds.org","/wp/v2/posts/(?P<parent>[\d]+)/revisions","https://aceseeds.org/wp-json/wp/v2/posts/(?P<parent>[\d]+)/revisions","wp"
"aceseeds.org","/wp/v2/posts/(?P<parent>[\d]+)/revisions/(?P<id>[\d]+)","https://aceseeds.org/wp-json/wp/v2/posts/(?P<parent>[\d]+)/revisions/(?P<id>[\d]+)","wp"
"aceseeds.org","/wp/v2/product","https://aceseeds.org/wp-json/wp/v2/product","wp"
"aceseeds.org","/wp/v2/product/(?P<id>[\d]+)","https://aceseeds.org/wp-json/wp/v2/product/(?P<id>[\d]+)","wp"
"aceseeds.org","/wp/v2/product/(?P<id>[\d]+)/autosaves","https://aceseeds.org/wp-json/wp/v2/product/(?P<id>[\d]+)/autosaves","wp"
"aceseeds.org","/wp/v2/product/(?P<parent>[\d]+)/autosaves/(?P<id>[\d]+)","https://aceseeds.org/wp-json/wp/v2/product/(?P<parent>[\d]+)/autosaves/(?P<id>[\d]+)","wp"
"aceseeds.org","/wp/v2/product_brand","https://aceseeds.org/wp-json/wp/v2/product_brand","wp"
"aceseeds.org","/wp/v2/product_brand/(?P<id>[\d]+)","https://aceseeds.org/wp-json/wp/v2/product_brand/(?P<id>[\d]+)","wp"
"aceseeds.org","/wp/v2/product_cat","https://aceseeds.org/wp-json/wp/v2/product_cat","wp"
"aceseeds.org","/wp/v2/product_cat/(?P<id>[\d]+)","https://aceseeds.org/wp-json/wp/v2/product_cat/(?P<id>[\d]+)","wp"
"aceseeds.org","/wp/v2/product_tag","https://aceseeds.org/wp-json/wp/v2/product_tag","wp"
"aceseeds.org","/wp/v2/product_tag/(?P<id>[\d]+)","https://aceseeds.org/wp-json/wp/v2/product_tag/(?P<id>[\d]+)","wp"
"aceseeds.org","/wp/v2/tags","https://aceseeds.org/wp-json/wp/v2/tags","wp"
"aceseeds.org","/wp/v2/tags/(?P<id>[\d]+)","https://aceseeds.org/wp-json/wp/v2/tags/(?P<id>[\d]+)","wp"
"blimburnseeds.com","/wc/store/products","https://blimburnseeds.com/wp-json/wc/store/products","wp"
"blimburnseeds.com","/wc/store/products/(?P<id>[\d]+)","https://blimburnseeds.com/wp-json/wc/store/products/(?P<id>[\d]+)","wp"
"blimburnseeds.com","/wc/store/products/(?P<slug>[\S]+)","https://blimburnseeds.com/wp-json/wc/store/products/(?P<slug>[\S]+)","wp"
"blimburnseeds.com","/wc/store/products/attributes","https://blimburnseeds.com/wp-json/wc/store/products/attributes","wp"
"blimburnseeds.com","/wc/store/products/attributes/(?P<attribute_id>[\d]+)/terms","https://blimburnseeds.com/wp-json/wc/store/products/attributes/(?P<attribute_id>[\d]+)/terms","wp"
"blimburnseeds.com","/wc/store/products/attributes/(?P<id>[\d]+)","https://blimburnseeds.com/wp-json/wc/store/products/attributes/(?P<id>[\d]+)","wp"
"blimburnseeds.com","/wc/store/products/brands","https://blimburnseeds.com/wp-json/wc/store/products/brands","wp"
"blimburnseeds.com","/wc/store/products/brands/(?P<identifier>[\w-]+)","https://blimburnseeds.com/wp-json/wc/store/products/brands/(?P<identifier>[\w-]+)","wp"
"blimburnseeds.com","/wc/store/products/categories","https://blimburnseeds.com/wp-json/wc/store/products/categories","wp"
"blimburnseeds.com","/wc/store/products/categories/(?P<id>[\d]+)","https://blimburnseeds.com/wp-json/wc/store/products/categories/(?P<id>[\d]+)","wp"
"blimburnseeds.com","/wc/store/products/collection-data","https://blimburnseeds.com/wp-json/wc/store/products/collection-data","wp"
"blimburnseeds.com","/wc/store/products/reviews","https://blimburnseeds.com/wp-json/wc/store/products/reviews","wp"
"blimburnseeds.com","/wc/store/products/tags","https://blimburnseeds.com/wp-json/wc/store/products/tags","wp"
"blimburnseeds.com","/wc/v2/products","https://blimburnseeds.com/wp-json/wc/v2/products","wp"
"blimburnseeds.com","/wc/v2/products/(?P<id>[\d]+)","https://blimburnseeds.com/wp-json/wc/v2/products/(?P<id>[\d]+)","wp"
"blimburnseeds.com","/wc/v2/products/(?P<product_id>[\d]+)/reviews","https://blimburnseeds.com/wp-json/wc/v2/products/(?P<product_id>[\d]+)/reviews","wp"
"blimburnseeds.com","/wc/v2/products/(?P<product_id>[\d]+)/reviews/(?P<id>[\d]+)","https://blimburnseeds.com/wp-json/wc/v2/products/(?P<product_id>[\d]+)/reviews/(?P<id>[\d]+)","wp"
"blimburnseeds.com","/wc/v2/products/(?P<product_id>[\d]+)/reviews/batch","https://blimburnseeds.com/wp-json/wc/v2/products/(?P<product_id>[\d]+)/reviews/batch","wp"
"blimburnseeds.com","/wc/v2/products/(?P<product_id>[\d]+)/variations","https://blimburnseeds.com/wp-json/wc/v2/products/(?P<product_id>[\d]+)/variations","wp"
"blimburnseeds.com","/wc/v2/products/(?P<product_id>[\d]+)/variations/(?P<id>[\d]+)","https://blimburnseeds.com/wp-json/wc/v2/products/(?P<product_id>[\d]+)/variations/(?P<id>[\d]+)","wp"
"blimburnseeds.com","/wc/v2/products/(?P<product_id>[\d]+)/variations/batch","https://blimburnseeds.com/wp-json/wc/v2/products/(?P<product_id>[\d]+)/variations/batch","wp"
"blimburnseeds.com","/wc/v2/products/attributes","https://blimburnseeds.com/wp-json/wc/v2/products/attributes","wp"
"blimburnseeds.com","/wc/v2/products/attributes/(?P<attribute_id>[\d]+)/terms","https://blimburnseeds.com/wp-json/wc/v2/products/attributes/(?P<attribute_id>[\d]+)/terms","wp"
"blimburnseeds.com","/wc/v2/products/attributes/(?P<attribute_id>[\d]+)/terms/(?P<id>[\d]+)","https://blimburnseeds.com/wp-json/wc/v2/products/attributes/(?P<attribute_id>[\d]+)/terms/(?P<id>[\d]+)","wp"
"blimburnseeds.com","/wc/v2/products/attributes/(?P<attribute_id>[\d]+)/terms/batch","https://blimburnseeds.com/wp-json/wc/v2/products/attributes/(?P<attribute_id>[\d]+)/terms/batch","wp"
"blimburnseeds.com","/wc/v2/products/attributes/(?P<id>[\d]+)","https://blimburnseeds.com/wp-json/wc/v2/products/attributes/(?P<id>[\d]+)","wp"
"blimburnseeds.com","/wc/v2/products/attributes/batch","https://blimburnseeds.com/wp-json/wc/v2/products/attributes/batch","wp"
"blimburnseeds.com","/wc/v2/products/batch","https://blimburnseeds.com/wp-json/wc/v2/products/batch","wp"
"blimburnseeds.com","/wc/v2/products/brands","https://blimburnseeds.com/wp-json/wc/v2/products/brands","wp"
"blimburnseeds.com","/wc/v2/products/brands/(?P<id>[\d]+)","https://blimburnseeds.com/wp-json/wc/v2/products/brands/(?P<id>[\d]+)","wp"
"blimburnseeds.com","/wc/v2/products/brands/batch","https://blimburnseeds.com/wp-json/wc/v2/products/brands/batch","wp"
"blimburnseeds.com","/wc/v2/products/categories","https://blimburnseeds.com/wp-json/wc/v2/products/categories","wp"
"blimburnseeds.com","/wc/v2/products/categories/(?P<id>[\d]+)","https://blimburnseeds.com/wp-json/wc/v2/products/categories/(?P<id>[\d]+)","wp"
"blimburnseeds.com","/wc/v2/products/categories/batch","https://blimburnseeds.com/wp-json/wc/v2/products/categories/batch","wp"
"blimburnseeds.com","/wc/v2/products/shipping_classes","https://blimburnseeds.com/wp-json/wc/v2/products/shipping_classes","wp"
"blimburnseeds.com","/wc/v2/products/shipping_classes/(?P<id>[\d]+)","https://blimburnseeds.com/wp-json/wc/v2/products/shipping_classes/(?P<id>[\d]+)","wp"
"blimburnseeds.com","/wc/v2/products/shipping_classes/batch","https://blimburnseeds.com/wp-json/wc/v2/products/shipping_classes/batch","wp"
"blimburnseeds.com","/wc/v2/products/tags","https://blimburnseeds.com/wp-json/wc/v2/products/tags","wp"
"blimburnseeds.com","/wc/v2/products/tags/(?P<id>[\d]+)","https://blimburnseeds.com/wp-json/wc/v2/products/tags/(?P<id>[\d]+)","wp"
"blimburnseeds.com","/wc/v2/products/tags/batch","https://blimburnseeds.com/wp-json/wc/v2/products/tags/batch","wp"
"blimburnseeds.com","/wc/v3/products","https://blimburnseeds.com/wp-json/wc/v3/products","wp"
"blimburnseeds.com","/wc/v3/products/(?P<id>[\d]+)","https://blimburnseeds.com/wp-json/wc/v3/products/(?P<id>[\d]+)","wp"
"blimburnseeds.com","/wc/v3/products/(?P<id>[\d]+)/duplicate","https://blimburnseeds.com/wp-json/wc/v3/products/(?P<id>[\d]+)/duplicate","wp"
"blimburnseeds.com","/wc/v3/products/(?P<product_id>[\d]+)/variations","https://blimburnseeds.com/wp-json/wc/v3/products/(?P<product_id>[\d]+)/variations","wp"
"blimburnseeds.com","/wc/v3/products/(?P<product_id>[\d]+)/variations/(?P<id>[\d]+)","https://blimburnseeds.com/wp-json/wc/v3/products/(?P<product_id>[\d]+)/variations/(?P<id>[\d]+)","wp"
"blimburnseeds.com","/wc/v3/products/(?P<product_id>[\d]+)/variations/batch","https://blimburnseeds.com/wp-json/wc/v3/products/(?P<product_id>[\d]+)/variations/batch","wp"
"blimburnseeds.com","/wc/v3/products/(?P<product_id>[\d]+)/variations/generate","https://blimburnseeds.com/wp-json/wc/v3/products/(?P<product_id>[\d]+)/variations/generate","wp"
"blimburnseeds.com","/wc/v3/products/attributes","https://blimburnseeds.com/wp-json/wc/v3/products/attributes","wp"
"blimburnseeds.com","/wc/v3/products/attributes/(?P<attribute_id>[\d]+)/terms","https://blimburnseeds.com/wp-json/wc/v3/products/attributes/(?P<attribute_id>[\d]+)/terms","wp"
"blimburnseeds.com","/wc/v3/products/attributes/(?P<attribute_id>[\d]+)/terms/(?P<id>[\d]+)","https://blimburnseeds.com/wp-json/wc/v3/products/attributes/(?P<attribute_id>[\d]+)/terms/(?P<id>[\d]+)","wp"
"blimburnseeds.com","/wc/v3/products/attributes/(?P<attribute_id>[\d]+)/terms/batch","https://blimburnseeds.com/wp-json/wc/v3/products/attributes/(?P<attribute_id>[\d]+)/terms/batch","wp"
"blimburnseeds.com","/wc/v3/products/attributes/(?P<id>[\d]+)","https://blimburnseeds.com/wp-json/wc/v3/products/attributes/(?P<id>[\d]+)","wp"
"blimburnseeds.com","/wc/v3/products/attributes/batch","https://blimburnseeds.com/wp-json/wc/v3/products/attributes/batch","wp"
"blimburnseeds.com","/wc/v3/products/batch","https://blimburnseeds.com/wp-json/wc/v3/products/batch","wp"
"blimburnseeds.com","/wc/v3/products/brands","https://blimburnseeds.com/wp-json/wc/v3/products/brands","wp"
"blimburnseeds.com","/wc/v3/products/brands/(?P<id>[\d]+)","https://blimburnseeds.com/wp-json/wc/v3/products/brands/(?P<id>[\d]+)","wp"
"blimburnseeds.com","/wc/v3/products/brands/batch","https://blimburnseeds.com/wp-json/wc/v3/products/brands/batch","wp"
"blimburnseeds.com","/wc/v3/products/categories","https://blimburnseeds.com/wp-json/wc/v3/products/categories","wp"
"blimburnseeds.com","/wc/v3/products/categories/(?P<id>[\d]+)","https://blimburnseeds.com/wp-json/wc/v3/products/categories/(?P<id>[\d]+)","wp"
"blimburnseeds.com","/wc/v3/products/categories/batch","https://blimburnseeds.com/wp-json/wc/v3/products/categories/batch","wp"
"blimburnseeds.com","/wc/v3/products/custom-fields/names","https://blimburnseeds.com/wp-json/wc/v3/products/custom-fields/names","wp"
"blimburnseeds.com","/wc/v3/products/reviews","https://blimburnseeds.com/wp-json/wc/v3/products/reviews","wp"
"blimburnseeds.com","/wc/v3/products/reviews/(?P<id>[\d]+)","https://blimburnseeds.com/wp-json/wc/v3/products/reviews/(?P<id>[\d]+)","wp"
"blimburnseeds.com","/wc/v3/products/reviews/batch","https://blimburnseeds.com/wp-json/wc/v3/products/reviews/batch","wp"
"blimburnseeds.com","/wc/v3/products/shipping_classes","https://blimburnseeds.com/wp-json/wc/v3/products/shipping_classes","wp"
"blimburnseeds.com","/wc/v3/products/shipping_classes/(?P<id>[\d]+)","https://blimburnseeds.com/wp-json/wc/v3/products/shipping_classes/(?P<id>[\d]+)","wp"
"blimburnseeds.com","/wc/v3/products/shipping_classes/batch","https://blimburnseeds.com/wp-json/wc/v3/products/shipping_classes/batch","wp"
"blimburnseeds.com","/wc/v3/products/shipping_classes/slug-suggestion","https://blimburnseeds.com/wp-json/wc/v3/products/shipping_classes/slug-suggestion","wp"
"blimburnseeds.com","/wc/v3/products/suggested-products","https://blimburnseeds.com/wp-json/wc/v3/products/suggested-products","wp"
"blimburnseeds.com","/wc/v3/products/tags","https://blimburnseeds.com/wp-json/wc/v3/products/tags","wp"
"blimburnseeds.com","/wc/v3/products/tags/(?P<id>[\d]+)","https://blimburnseeds.com/wp-json/wc/v3/products/tags/(?P<id>[\d]+)","wp"
"blimburnseeds.com","/wc/v3/products/tags/batch","https://blimburnseeds.com/wp-json/wc/v3/products/tags/batch","wp"
"blimburnseeds.com","/wp/v2/categories","https://blimburnseeds.com/wp-json/wp/v2/categories","wp"
"blimburnseeds.com","/wp/v2/categories/(?P<id>[\d]+)","https://blimburnseeds.com/wp-json/wp/v2/categories/(?P<id>[\d]+)","wp"
"blimburnseeds.com","/wp/v2/media","https://blimburnseeds.com/wp-json/wp/v2/media","wp"
"blimburnseeds.com","/wp/v2/media/(?P<id>[\d]+)","https://blimburnseeds.com/wp-json/wp/v2/media/(?P<id>[\d]+)","wp"
"blimburnseeds.com","/wp/v2/media/(?P<id>[\d]+)/edit","https://blimburnseeds.com/wp-json/wp/v2/media/(?P<id>[\d]+)/edit","wp"
"blimburnseeds.com","/wp/v2/media/(?P<id>[\d]+)/post-process","https://blimburnseeds.com/wp-json/wp/v2/media/(?P<id>[\d]+)/post-process","wp"
"blimburnseeds.com","/wp/v2/pages","https://blimburnseeds.com/wp-json/wp/v2/pages","wp"
"blimburnseeds.com","/wp/v2/pages/(?P<id>[\d]+)","https://blimburnseeds.com/wp-json/wp/v2/pages/(?P<id>[\d]+)","wp"
"blimburnseeds.com","/wp/v2/pages/(?P<id>[\d]+)/autosaves","https://blimburnseeds.com/wp-json/wp/v2/pages/(?P<id>[\d]+)/autosaves","wp"
"blimburnseeds.com","/wp/v2/pages/(?P<parent>[\d]+)/autosaves/(?P<id>[\d]+)","https://blimburnseeds.com/wp-json/wp/v2/pages/(?P<parent>[\d]+)/autosaves/(?P<id>[\d]+)","wp"
"blimburnseeds.com","/wp/v2/pages/(?P<parent>[\d]+)/revisions","https://blimburnseeds.com/wp-json/wp/v2/pages/(?P<parent>[\d]+)/revisions","wp"
"blimburnseeds.com","/wp/v2/pages/(?P<parent>[\d]+)/revisions/(?P<id>[\d]+)","https://blimburnseeds.com/wp-json/wp/v2/pages/(?P<parent>[\d]+)/revisions/(?P<id>[\d]+)","wp"
"blimburnseeds.com","/wp/v2/posts","https://blimburnseeds.com/wp-json/wp/v2/posts","wp"
"blimburnseeds.com","/wp/v2/posts/(?P<id>[\d]+)","https://blimburnseeds.com/wp-json/wp/v2/posts/(?P<id>[\d]+)","wp"
"blimburnseeds.com","/wp/v2/posts/(?P<id>[\d]+)/autosaves","https://blimburnseeds.com/wp-json/wp/v2/posts/(?P<id>[\d]+)/autosaves","wp"
"blimburnseeds.com","/wp/v2/posts/(?P<parent>[\d]+)/autosaves/(?P<id>[\d]+)","https://blimburnseeds.com/wp-json/wp/v2/posts/(?P<parent>[\d]+)/autosaves/(?P<id>[\d]+)","wp"
"blimburnseeds.com","/wp/v2/posts/(?P<parent>[\d]+)/revisions","https://blimburnseeds.com/wp-json/wp/v2/posts/(?P<parent>[\d]+)/revisions","wp"
"blimburnseeds.com","/wp/v2/posts/(?P<parent>[\d]+)/revisions/(?P<id>[\d]+)","https://blimburnseeds.com/wp-json/wp/v2/posts/(?P<parent>[\d]+)/revisions/(?P<id>[\d]+)","wp"
"blimburnseeds.com","/wp/v2/product","https://blimburnseeds.com/wp-json/wp/v2/product","wp"
"blimburnseeds.com","/wp/v2/product/(?P<id>[\d]+)","https://blimburnseeds.com/wp-json/wp/v2/product/(?P<id>[\d]+)","wp"
"blimburnseeds.com","/wp/v2/product/(?P<id>[\d]+)/autosaves","https://blimburnseeds.com/wp-json/wp/v2/product/(?P<id>[\d]+)/autosaves","wp"
"blimburnseeds.com","/wp/v2/product/(?P<parent>[\d]+)/autosaves/(?P<id>[\d]+)","https://blimburnseeds.com/wp-json/wp/v2/product/(?P<parent>[\d]+)/autosaves/(?P<id>[\d]+)","wp"
"blimburnseeds.com","/wp/v2/product/(?P<parent>[\d]+)/revisions","https://blimburnseeds.com/wp-json/wp/v2/product/(?P<parent>[\d]+)/revisions","wp"
"blimburnseeds.com","/wp/v2/product/(?P<parent>[\d]+)/revisions/(?P<id>[\d]+)","https://blimburnseeds.com/wp-json/wp/v2/product/(?P<parent>[\d]+)/revisions/(?P<id>[\d]+)","wp"
"blimburnseeds.com","/wp/v2/product_brand","https://blimburnseeds.com/wp-json/wp/v2/product_brand","wp"
"blimburnseeds.com","/wp/v2/product_brand/(?P<id>[\d]+)","https://blimburnseeds.com/wp-json/wp/v2/product_brand/(?P<id>[\d]+)","wp"
"blimburnseeds.com","/wp/v2/product_cat","https://blimburnseeds.com/wp-json/wp/v2/product_cat","wp"
"blimburnseeds.com","/wp/v2/product_cat/(?P<id>[\d]+)","https://blimburnseeds.com/wp-json/wp/v2/product_cat/(?P<id>[\d]+)","wp"
"blimburnseeds.com","/wp/v2/product_tag","https://blimburnseeds.com/wp-json/wp/v2/product_tag","wp"
"blimburnseeds.com","/wp/v2/product_tag/(?P<id>[\d]+)","https://blimburnseeds.com/wp-json/wp/v2/product_tag/(?P<id>[\d]+)","wp"
"blimburnseeds.com","/wp/v2/tags","https://blimburnseeds.com/wp-json/wp/v2/tags","wp"
"blimburnseeds.com","/wp/v2/tags/(?P<id>[\d]+)","https://blimburnseeds.com/wp-json/wp/v2/tags/(?P<id>[\d]+)","wp"
"bulkseedbank.org","/wc/store/products","https://bulkseedbank.org/wp-json/wc/store/products","wp"
"bulkseedbank.org","/wc/store/products/(?P<id>[\d]+)","https://bulkseedbank.org/wp-json/wc/store/products/(?P<id>[\d]+)","wp"
"bulkseedbank.org","/wc/store/products/(?P<slug>[\S]+)","https://bulkseedbank.org/wp-json/wc/store/products/(?P<slug>[\S]+)","wp"
"bulkseedbank.org","/wc/store/products/attributes","https://bulkseedbank.org/wp-json/wc/store/products/attributes","wp"
"bulkseedbank.org","/wc/store/products/attributes/(?P<attribute_id>[\d]+)/terms","https://bulkseedbank.org/wp-json/wc/store/products/attributes/(?P<attribute_id>[\d]+)/terms","wp"
"bulkseedbank.org","/wc/store/products/attributes/(?P<id>[\d]+)","https://bulkseedbank.org/wp-json/wc/store/products/attributes/(?P<id>[\d]+)","wp"
"bulkseedbank.org","/wc/store/products/brands","https://bulkseedbank.org/wp-json/wc/store/products/brands","wp"
"bulkseedbank.org","/wc/store/products/brands/(?P<identifier>[\w-]+)","https://bulkseedbank.org/wp-json/wc/store/products/brands/(?P<identifier>[\w-]+)","wp"
"bulkseedbank.org","/wc/store/products/categories","https://bulkseedbank.org/wp-json/wc/store/products/categories","wp"
"bulkseedbank.org","/wc/store/products/categories/(?P<id>[\d]+)","https://bulkseedbank.org/wp-json/wc/store/products/categories/(?P<id>[\d]+)","wp"
"bulkseedbank.org","/wc/store/products/collection-data","https://bulkseedbank.org/wp-json/wc/store/products/collection-data","wp"
"bulkseedbank.org","/wc/store/products/reviews","https://bulkseedbank.org/wp-json/wc/store/products/reviews","wp"
"bulkseedbank.org","/wc/store/products/tags","https://bulkseedbank.org/wp-json/wc/store/products/tags","wp"
"bulkseedbank.org","/wc/v2/products","https://bulkseedbank.org/wp-json/wc/v2/products","wp"
"bulkseedbank.org","/wc/v2/products/(?P<id>[\d]+)","https://bulkseedbank.org/wp-json/wc/v2/products/(?P<id>[\d]+)","wp"
"bulkseedbank.org","/wc/v2/products/(?P<product_id>[\d]+)/reviews","https://bulkseedbank.org/wp-json/wc/v2/products/(?P<product_id>[\d]+)/reviews","wp"
"bulkseedbank.org","/wc/v2/products/(?P<product_id>[\d]+)/reviews/(?P<id>[\d]+)","https://bulkseedbank.org/wp-json/wc/v2/products/(?P<product_id>[\d]+)/reviews/(?P<id>[\d]+)","wp"
"bulkseedbank.org","/wc/v2/products/(?P<product_id>[\d]+)/reviews/batch","https://bulkseedbank.org/wp-json/wc/v2/products/(?P<product_id>[\d]+)/reviews/batch","wp"
"bulkseedbank.org","/wc/v2/products/(?P<product_id>[\d]+)/variations","https://bulkseedbank.org/wp-json/wc/v2/products/(?P<product_id>[\d]+)/variations","wp"
"bulkseedbank.org","/wc/v2/products/(?P<product_id>[\d]+)/variations/(?P<id>[\d]+)","https://bulkseedbank.org/wp-json/wc/v2/products/(?P<product_id>[\d]+)/variations/(?P<id>[\d]+)","wp"
"bulkseedbank.org","/wc/v2/products/(?P<product_id>[\d]+)/variations/batch","https://bulkseedbank.org/wp-json/wc/v2/products/(?P<product_id>[\d]+)/variations/batch","wp"
"bulkseedbank.org","/wc/v2/products/attributes","https://bulkseedbank.org/wp-json/wc/v2/products/attributes","wp"
"bulkseedbank.org","/wc/v2/products/attributes/(?P<attribute_id>[\d]+)/terms","https://bulkseedbank.org/wp-json/wc/v2/products/attributes/(?P<attribute_id>[\d]+)/terms","wp"
"bulkseedbank.org","/wc/v2/products/attributes/(?P<attribute_id>[\d]+)/terms/(?P<id>[\d]+)","https://bulkseedbank.org/wp-json/wc/v2/products/attributes/(?P<attribute_id>[\d]+)/terms/(?P<id>[\d]+)","wp"
"bulkseedbank.org","/wc/v2/products/attributes/(?P<attribute_id>[\d]+)/terms/batch","https://bulkseedbank.org/wp-json/wc/v2/products/attributes/(?P<attribute_id>[\d]+)/terms/batch","wp"
"bulkseedbank.org","/wc/v2/products/attributes/(?P<id>[\d]+)","https://bulkseedbank.org/wp-json/wc/v2/products/attributes/(?P<id>[\d]+)","wp"
"bulkseedbank.org","/wc/v2/products/attributes/batch","https://bulkseedbank.org/wp-json/wc/v2/products/attributes/batch","wp"
"bulkseedbank.org","/wc/v2/products/batch","https://bulkseedbank.org/wp-json/wc/v2/products/batch","wp"
"bulkseedbank.org","/wc/v2/products/brands","https://bulkseedbank.org/wp-json/wc/v2/products/brands","wp"
"bulkseedbank.org","/wc/v2/products/brands/(?P<id>[\d]+)","https://bulkseedbank.org/wp-json/wc/v2/products/brands/(?P<id>[\d]+)","wp"
"bulkseedbank.org","/wc/v2/products/brands/batch","https://bulkseedbank.org/wp-json/wc/v2/products/brands/batch","wp"
"bulkseedbank.org","/wc/v2/products/categories","https://bulkseedbank.org/wp-json/wc/v2/products/categories","wp"
"bulkseedbank.org","/wc/v2/products/categories/(?P<id>[\d]+)","https://bulkseedbank.org/wp-json/wc/v2/products/categories/(?P<id>[\d]+)","wp"
"bulkseedbank.org","/wc/v2/products/categories/batch","https://bulkseedbank.org/wp-json/wc/v2/products/categories/batch","wp"
"bulkseedbank.org","/wc/v2/products/shipping_classes","https://bulkseedbank.org/wp-json/wc/v2/products/shipping_classes","wp"
"bulkseedbank.org","/wc/v2/products/shipping_classes/(?P<id>[\d]+)","https://bulkseedbank.org/wp-json/wc/v2/products/shipping_classes/(?P<id>[\d]+)","wp"
"bulkseedbank.org","/wc/v2/products/shipping_classes/batch","https://bulkseedbank.org/wp-json/wc/v2/products/shipping_classes/batch","wp"
"bulkseedbank.org","/wc/v2/products/tags","https://bulkseedbank.org/wp-json/wc/v2/products/tags","wp"
"bulkseedbank.org","/wc/v2/products/tags/(?P<id>[\d]+)","https://bulkseedbank.org/wp-json/wc/v2/products/tags/(?P<id>[\d]+)","wp"
"bulkseedbank.org","/wc/v2/products/tags/batch","https://bulkseedbank.org/wp-json/wc/v2/products/tags/batch","wp"
"bulkseedbank.org","/wc/v3/products","https://bulkseedbank.org/wp-json/wc/v3/products","wp"
"bulkseedbank.org","/wc/v3/products/(?P<id>[\d]+)","https://bulkseedbank.org/wp-json/wc/v3/products/(?P<id>[\d]+)","wp"
"bulkseedbank.org","/wc/v3/products/(?P<id>[\d]+)/duplicate","https://bulkseedbank.org/wp-json/wc/v3/products/(?P<id>[\d]+)/duplicate","wp"
"bulkseedbank.org","/wc/v3/products/(?P<product_id>[\d]+)/variations","https://bulkseedbank.org/wp-json/wc/v3/products/(?P<product_id>[\d]+)/variations","wp"
"bulkseedbank.org","/wc/v3/products/(?P<product_id>[\d]+)/variations/(?P<id>[\d]+)","https://bulkseedbank.org/wp-json/wc/v3/products/(?P<product_id>[\d]+)/variations/(?P<id>[\d]+)","wp"
"bulkseedbank.org","/wc/v3/products/(?P<product_id>[\d]+)/variations/batch","https://bulkseedbank.org/wp-json/wc/v3/products/(?P<product_id>[\d]+)/variations/batch","wp"
"bulkseedbank.org","/wc/v3/products/(?P<product_id>[\d]+)/variations/generate","https://bulkseedbank.org/wp-json/wc/v3/products/(?P<product_id>[\d]+)/variations/generate","wp"
"bulkseedbank.org","/wc/v3/products/attributes","https://bulkseedbank.org/wp-json/wc/v3/products/attributes","wp"
"bulkseedbank.org","/wc/v3/products/attributes/(?P<attribute_id>[\d]+)/terms","https://bulkseedbank.org/wp-json/wc/v3/products/attributes/(?P<attribute_id>[\d]+)/terms","wp"
"bulkseedbank.org","/wc/v3/products/attributes/(?P<attribute_id>[\d]+)/terms/(?P<id>[\d]+)","https://bulkseedbank.org/wp-json/wc/v3/products/attributes/(?P<attribute_id>[\d]+)/terms/(?P<id>[\d]+)","wp"
"bulkseedbank.org","/wc/v3/products/attributes/(?P<attribute_id>[\d]+)/terms/batch","https://bulkseedbank.org/wp-json/wc/v3/products/attributes/(?P<attribute_id>[\d]+)/terms/batch","wp"
"bulkseedbank.org","/wc/v3/products/attributes/(?P<id>[\d]+)","https://bulkseedbank.org/wp-json/wc/v3/products/attributes/(?P<id>[\d]+)","wp"
"bulkseedbank.org","/wc/v3/products/attributes/batch","https://bulkseedbank.org/wp-json/wc/v3/products/attributes/batch","wp"
"bulkseedbank.org","/wc/v3/products/batch","https://bulkseedbank.org/wp-json/wc/v3/products/batch","wp"
"bulkseedbank.org","/wc/v3/products/brands","https://bulkseedbank.org/wp-json/wc/v3/products/brands","wp"
"bulkseedbank.org","/wc/v3/products/brands/(?P<id>[\d]+)","https://bulkseedbank.org/wp-json/wc/v3/products/brands/(?P<id>[\d]+)","wp"
"bulkseedbank.org","/wc/v3/products/brands/batch","https://bulkseedbank.org/wp-json/wc/v3/products/brands/batch","wp"
"bulkseedbank.org","/wc/v3/products/categories","https://bulkseedbank.org/wp-json/wc/v3/products/categories","wp"
"bulkseedbank.org","/wc/v3/products/categories/(?P<id>[\d]+)","https://bulkseedbank.org/wp-json/wc/v3/products/categories/(?P<id>[\d]+)","wp"
"bulkseedbank.org","/wc/v3/products/categories/batch","https://bulkseedbank.org/wp-json/wc/v3/products/categories/batch","wp"
"bulkseedbank.org","/wc/v3/products/custom-fields/names","https://bulkseedbank.org/wp-json/wc/v3/products/custom-fields/names","wp"
"bulkseedbank.org","/wc/v3/products/reviews","https://bulkseedbank.org/wp-json/wc/v3/products/reviews","wp"
"bulkseedbank.org","/wc/v3/products/reviews/(?P<id>[\d]+)","https://bulkseedbank.org/wp-json/wc/v3/products/reviews/(?P<id>[\d]+)","wp"
"bulkseedbank.org","/wc/v3/products/reviews/batch","https://bulkseedbank.org/wp-json/wc/v3/products/reviews/batch","wp"
"bulkseedbank.org","/wc/v3/products/shipping_classes","https://bulkseedbank.org/wp-json/wc/v3/products/shipping_classes","wp"
"bulkseedbank.org","/wc/v3/products/shipping_classes/(?P<id>[\d]+)","https://bulkseedbank.org/wp-json/wc/v3/products/shipping_classes/(?P<id>[\d]+)","wp"
"bulkseedbank.org","/wc/v3/products/shipping_classes/batch","https://bulkseedbank.org/wp-json/wc/v3/products/shipping_classes/batch","wp"
"bulkseedbank.org","/wc/v3/products/shipping_classes/slug-suggestion","https://bulkseedbank.org/wp-json/wc/v3/products/shipping_classes/slug-suggestion","wp"
"bulkseedbank.org","/wc/v3/products/suggested-products","https://bulkseedbank.org/wp-json/wc/v3/products/suggested-products","wp"
"bulkseedbank.org","/wc/v3/products/tags","https://bulkseedbank.org/wp-json/wc/v3/products/tags","wp"
"bulkseedbank.org","/wc/v3/products/tags/(?P<id>[\d]+)","https://bulkseedbank.org/wp-json/wc/v3/products/tags/(?P<id>[\d]+)","wp"
"bulkseedbank.org","/wc/v3/products/tags/batch","https://bulkseedbank.org/wp-json/wc/v3/products/tags/batch","wp"
"bulkseedbank.org","/wp/v2/categories","https://bulkseedbank.org/wp-json/wp/v2/categories","wp"
"bulkseedbank.org","/wp/v2/categories/(?P<id>[\d]+)","https://bulkseedbank.org/wp-json/wp/v2/categories/(?P<id>[\d]+)","wp"
"bulkseedbank.org","/wp/v2/media","https://bulkseedbank.org/wp-json/wp/v2/media","wp"
"bulkseedbank.org","/wp/v2/media/(?P<id>[\d]+)","https://bulkseedbank.org/wp-json/wp/v2/media/(?P<id>[\d]+)","wp"
"bulkseedbank.org","/wp/v2/media/(?P<id>[\d]+)/edit","https://bulkseedbank.org/wp-json/wp/v2/media/(?P<id>[\d]+)/edit","wp"
"bulkseedbank.org","/wp/v2/media/(?P<id>[\d]+)/post-process","https://bulkseedbank.org/wp-json/wp/v2/media/(?P<id>[\d]+)/post-process","wp"
"bulkseedbank.org","/wp/v2/pages","https://bulkseedbank.org/wp-json/wp/v2/pages","wp"
"bulkseedbank.org","/wp/v2/pages/(?P<id>[\d]+)","https://bulkseedbank.org/wp-json/wp/v2/pages/(?P<id>[\d]+)","wp"
"bulkseedbank.org","/wp/v2/pages/(?P<id>[\d]+)/autosaves","https://bulkseedbank.org/wp-json/wp/v2/pages/(?P<id>[\d]+)/autosaves","wp"
"bulkseedbank.org","/wp/v2/pages/(?P<parent>[\d]+)/autosaves/(?P<id>[\d]+)","https://bulkseedbank.org/wp-json/wp/v2/pages/(?P<parent>[\d]+)/autosaves/(?P<id>[\d]+)","wp"
"bulkseedbank.org","/wp/v2/pages/(?P<parent>[\d]+)/revisions","https://bulkseedbank.org/wp-json/wp/v2/pages/(?P<parent>[\d]+)/revisions","wp"
"bulkseedbank.org","/wp/v2/pages/(?P<parent>[\d]+)/revisions/(?P<id>[\d]+)","https://bulkseedbank.org/wp-json/wp/v2/pages/(?P<parent>[\d]+)/revisions/(?P<id>[\d]+)","wp"
"bulkseedbank.org","/wp/v2/posts","https://bulkseedbank.org/wp-json/wp/v2/posts","wp"
"bulkseedbank.org","/wp/v2/posts/(?P<id>[\d]+)","https://bulkseedbank.org/wp-json/wp/v2/posts/(?P<id>[\d]+)","wp"
"bulkseedbank.org","/wp/v2/posts/(?P<id>[\d]+)/autosaves","https://bulkseedbank.org/wp-json/wp/v2/posts/(?P<id>[\d]+)/autosaves","wp"
"bulkseedbank.org","/wp/v2/posts/(?P<parent>[\d]+)/autosaves/(?P<id>[\d]+)","https://bulkseedbank.org/wp-json/wp/v2/posts/(?P<parent>[\d]+)/autosaves/(?P<id>[\d]+)","wp"
"bulkseedbank.org","/wp/v2/posts/(?P<parent>[\d]+)/revisions","https://bulkseedbank.org/wp-json/wp/v2/posts/(?P<parent>[\d]+)/revisions","wp"
"bulkseedbank.org","/wp/v2/posts/(?P<parent>[\d]+)/revisions/(?P<id>[\d]+)","https://bulkseedbank.org/wp-json/wp/v2/posts/(?P<parent>[\d]+)/revisions/(?P<id>[\d]+)","wp"
"bulkseedbank.org","/wp/v2/product","https://bulkseedbank.org/wp-json/wp/v2/product","wp"
"bulkseedbank.org","/wp/v2/product/(?P<id>[\d]+)","https://bulkseedbank.org/wp-json/wp/v2/product/(?P<id>[\d]+)","wp"
"bulkseedbank.org","/wp/v2/product/(?P<id>[\d]+)/autosaves","https://bulkseedbank.org/wp-json/wp/v2/product/(?P<id>[\d]+)/autosaves","wp"
"bulkseedbank.org","/wp/v2/product/(?P<parent>[\d]+)/autosaves/(?P<id>[\d]+)","https://bulkseedbank.org/wp-json/wp/v2/product/(?P<parent>[\d]+)/autosaves/(?P<id>[\d]+)","wp"
"bulkseedbank.org","/wp/v2/product_brand","https://bulkseedbank.org/wp-json/wp/v2/product_brand","wp"
"bulkseedbank.org","/wp/v2/product_brand/(?P<id>[\d]+)","https://bulkseedbank.org/wp-json/wp/v2/product_brand/(?P<id>[\d]+)","wp"
"bulkseedbank.org","/wp/v2/product_cat","https://bulkseedbank.org/wp-json/wp/v2/product_cat","wp"
"bulkseedbank.org","/wp/v2/product_cat/(?P<id>[\d]+)","https://bulkseedbank.org/wp-json/wp/v2/product_cat/(?P<id>[\d]+)","wp"
"bulkseedbank.org","/wp/v2/product_tag","https://bulkseedbank.org/wp-json/wp/v2/product_tag","wp"
"bulkseedbank.org","/wp/v2/product_tag/(?P<id>[\d]+)","https://bulkseedbank.org/wp-json/wp/v2/product_tag/(?P<id>[\d]+)","wp"
"bulkseedbank.org","/wp/v2/tags","https://bulkseedbank.org/wp-json/wp/v2/tags","wp"
"bulkseedbank.org","/wp/v2/tags/(?P<id>[\d]+)","https://bulkseedbank.org/wp-json/wp/v2/tags/(?P<id>[\d]+)","wp"
"nirvanashop.com","/products.json","https://nirvanashop.com/products.json","shopify"
"sensiseeds.com","/wp/v2/categories","https://sensiseeds.com/wp-json/wp/v2/categories","wp"
"sensiseeds.com","/wp/v2/categories/(?P<id>[\d]+)","https://sensiseeds.com/wp-json/wp/v2/categories/(?P<id>[\d]+)","wp"
"sensiseeds.com","/wp/v2/media","https://sensiseeds.com/wp-json/wp/v2/media","wp"
"sensiseeds.com","/wp/v2/media/(?P<id>[\d]+)","https://sensiseeds.com/wp-json/wp/v2/media/(?P<id>[\d]+)","wp"
"sensiseeds.com","/wp/v2/media/(?P<id>[\d]+)/edit","https://sensiseeds.com/wp-json/wp/v2/media/(?P<id>[\d]+)/edit","wp"
"sensiseeds.com","/wp/v2/media/(?P<id>[\d]+)/post-process","https://sensiseeds.com/wp-json/wp/v2/media/(?P<id>[\d]+)/post-process","wp"
"sensiseeds.com","/wp/v2/pages","https://sensiseeds.com/wp-json/wp/v2/pages","wp"
"sensiseeds.com","/wp/v2/pages/(?P<id>[\d]+)","https://sensiseeds.com/wp-json/wp/v2/pages/(?P<id>[\d]+)","wp"
"sensiseeds.com","/wp/v2/pages/(?P<id>[\d]+)/autosaves","https://sensiseeds.com/wp-json/wp/v2/pages/(?P<id>[\d]+)/autosaves","wp"
"sensiseeds.com","/wp/v2/pages/(?P<parent>[\d]+)/autosaves/(?P<id>[\d]+)","https://sensiseeds.com/wp-json/wp/v2/pages/(?P<parent>[\d]+)/autosaves/(?P<id>[\d]+)","wp"
"sensiseeds.com","/wp/v2/pages/(?P<parent>[\d]+)/revisions","https://sensiseeds.com/wp-json/wp/v2/pages/(?P<parent>[\d]+)/revisions","wp"
"sensiseeds.com","/wp/v2/pages/(?P<parent>[\d]+)/revisions/(?P<id>[\d]+)","https://sensiseeds.com/wp-json/wp/v2/pages/(?P<parent>[\d]+)/revisions/(?P<id>[\d]+)","wp"
"sensiseeds.com","/wp/v2/posts","https://sensiseeds.com/wp-json/wp/v2/posts","wp"
"sensiseeds.com","/wp/v2/posts/(?P<id>[\d]+)","https://sensiseeds.com/wp-json/wp/v2/posts/(?P<id>[\d]+)","wp"
"sensiseeds.com","/wp/v2/posts/(?P<id>[\d]+)/autosaves","https://sensiseeds.com/wp-json/wp/v2/posts/(?P<id>[\d]+)/autosaves","wp"
"sensiseeds.com","/wp/v2/posts/(?P<parent>[\d]+)/autosaves/(?P<id>[\d]+)","https://sensiseeds.com/wp-json/wp/v2/posts/(?P<parent>[\d]+)/autosaves/(?P<id>[\d]+)","wp"
"sensiseeds.com","/wp/v2/posts/(?P<parent>[\d]+)/revisions","https://sensiseeds.com/wp-json/wp/v2/posts/(?P<parent>[\d]+)/revisions","wp"
"sensiseeds.com","/wp/v2/posts/(?P<parent>[\d]+)/revisions/(?P<id>[\d]+)","https://sensiseeds.com/wp-json/wp/v2/posts/(?P<parent>[\d]+)/revisions/(?P<id>[\d]+)","wp"
"sensiseeds.com","/wp/v2/tags","https://sensiseeds.com/wp-json/wp/v2/tags","wp"
"sensiseeds.com","/wp/v2/tags/(?P<id>[\d]+)","https://sensiseeds.com/wp-json/wp/v2/tags/(?P<id>[\d]+)","wp"
"spliffseeds.nl","/wc/store/products","https://spliffseeds.nl/wp-json/wc/store/products","wp"
"spliffseeds.nl","/wc/store/products/(?P<id>[\d]+)","https://spliffseeds.nl/wp-json/wc/store/products/(?P<id>[\d]+)","wp"
"spliffseeds.nl","/wc/store/products/(?P<slug>[\S]+)","https://spliffseeds.nl/wp-json/wc/store/products/(?P<slug>[\S]+)","wp"
"spliffseeds.nl","/wc/store/products/attributes","https://spliffseeds.nl/wp-json/wc/store/products/attributes","wp"
"spliffseeds.nl","/wc/store/products/attributes/(?P<attribute_id>[\d]+)/terms","https://spliffseeds.nl/wp-json/wc/store/products/attributes/(?P<attribute_id>[\d]+)/terms","wp"
"spliffseeds.nl","/wc/store/products/attributes/(?P<id>[\d]+)","https://spliffseeds.nl/wp-json/wc/store/products/attributes/(?P<id>[\d]+)","wp"
"spliffseeds.nl","/wc/store/products/brands","https://spliffseeds.nl/wp-json/wc/store/products/brands","wp"
"spliffseeds.nl","/wc/store/products/brands/(?P<identifier>[\w-]+)","https://spliffseeds.nl/wp-json/wc/store/products/brands/(?P<identifier>[\w-]+)","wp"
"spliffseeds.nl","/wc/store/products/categories","https://spliffseeds.nl/wp-json/wc/store/products/categories","wp"
"spliffseeds.nl","/wc/store/products/categories/(?P<id>[\d]+)","https://spliffseeds.nl/wp-json/wc/store/products/categories/(?P<id>[\d]+)","wp"
"spliffseeds.nl","/wc/store/products/collection-data","https://spliffseeds.nl/wp-json/wc/store/products/collection-data","wp"
"spliffseeds.nl","/wc/store/products/reviews","https://spliffseeds.nl/wp-json/wc/store/products/reviews","wp"
"spliffseeds.nl","/wc/store/products/tags","https://spliffseeds.nl/wp-json/wc/store/products/tags","wp"
"spliffseeds.nl","/wc/v2/products","https://spliffseeds.nl/wp-json/wc/v2/products","wp"
"spliffseeds.nl","/wc/v2/products/(?P<id>[\d]+)","https://spliffseeds.nl/wp-json/wc/v2/products/(?P<id>[\d]+)","wp"
"spliffseeds.nl","/wc/v2/products/(?P<product_id>[\d]+)/reviews","https://spliffseeds.nl/wp-json/wc/v2/products/(?P<product_id>[\d]+)/reviews","wp"
"spliffseeds.nl","/wc/v2/products/(?P<product_id>[\d]+)/reviews/(?P<id>[\d]+)","https://spliffseeds.nl/wp-json/wc/v2/products/(?P<product_id>[\d]+)/reviews/(?P<id>[\d]+)","wp"
"spliffseeds.nl","/wc/v2/products/(?P<product_id>[\d]+)/reviews/batch","https://spliffseeds.nl/wp-json/wc/v2/products/(?P<product_id>[\d]+)/reviews/batch","wp"
"spliffseeds.nl","/wc/v2/products/(?P<product_id>[\d]+)/variations","https://spliffseeds.nl/wp-json/wc/v2/products/(?P<product_id>[\d]+)/variations","wp"
"spliffseeds.nl","/wc/v2/products/(?P<product_id>[\d]+)/variations/(?P<id>[\d]+)","https://spliffseeds.nl/wp-json/wc/v2/products/(?P<product_id>[\d]+)/variations/(?P<id>[\d]+)","wp"
"spliffseeds.nl","/wc/v2/products/(?P<product_id>[\d]+)/variations/batch","https://spliffseeds.nl/wp-json/wc/v2/products/(?P<product_id>[\d]+)/variations/batch","wp"
"spliffseeds.nl","/wc/v2/products/attributes","https://spliffseeds.nl/wp-json/wc/v2/products/attributes","wp"
"spliffseeds.nl","/wc/v2/products/attributes/(?P<attribute_id>[\d]+)/terms","https://spliffseeds.nl/wp-json/wc/v2/products/attributes/(?P<attribute_id>[\d]+)/terms","wp"
"spliffseeds.nl","/wc/v2/products/attributes/(?P<attribute_id>[\d]+)/terms/(?P<id>[\d]+)","https://spliffseeds.nl/wp-json/wc/v2/products/attributes/(?P<attribute_id>[\d]+)/terms/(?P<id>[\d]+)","wp"
"spliffseeds.nl","/wc/v2/products/attributes/(?P<attribute_id>[\d]+)/terms/batch","https://spliffseeds.nl/wp-json/wc/v2/products/attributes/(?P<attribute_id>[\d]+)/terms/batch","wp"
"spliffseeds.nl","/wc/v2/products/attributes/(?P<id>[\d]+)","https://spliffseeds.nl/wp-json/wc/v2/products/attributes/(?P<id>[\d]+)","wp"
"spliffseeds.nl","/wc/v2/products/attributes/batch","https://spliffseeds.nl/wp-json/wc/v2/products/attributes/batch","wp"
"spliffseeds.nl","/wc/v2/products/batch","https://spliffseeds.nl/wp-json/wc/v2/products/batch","wp"
"spliffseeds.nl","/wc/v2/products/brands","https://spliffseeds.nl/wp-json/wc/v2/products/brands","wp"
"spliffseeds.nl","/wc/v2/products/brands/(?P<id>[\d]+)","https://spliffseeds.nl/wp-json/wc/v2/products/brands/(?P<id>[\d]+)","wp"
"spliffseeds.nl","/wc/v2/products/brands/batch","https://spliffseeds.nl/wp-json/wc/v2/products/brands/batch","wp"
"spliffseeds.nl","/wc/v2/products/categories","https://spliffseeds.nl/wp-json/wc/v2/products/categories","wp"
"spliffseeds.nl","/wc/v2/products/categories/(?P<id>[\d]+)","https://spliffseeds.nl/wp-json/wc/v2/products/categories/(?P<id>[\d]+)","wp"
"spliffseeds.nl","/wc/v2/products/categories/batch","https://spliffseeds.nl/wp-json/wc/v2/products/categories/batch","wp"
"spliffseeds.nl","/wc/v2/products/shipping_classes","https://spliffseeds.nl/wp-json/wc/v2/products/shipping_classes","wp"
"spliffseeds.nl","/wc/v2/products/shipping_classes/(?P<id>[\d]+)","https://spliffseeds.nl/wp-json/wc/v2/products/shipping_classes/(?P<id>[\d]+)","wp"
"spliffseeds.nl","/wc/v2/products/shipping_classes/batch","https://spliffseeds.nl/wp-json/wc/v2/products/shipping_classes/batch","wp"
"spliffseeds.nl","/wc/v2/products/tags","https://spliffseeds.nl/wp-json/wc/v2/products/tags","wp"
"spliffseeds.nl","/wc/v2/products/tags/(?P<id>[\d]+)","https://spliffseeds.nl/wp-json/wc/v2/products/tags/(?P<id>[\d]+)","wp"
"spliffseeds.nl","/wc/v2/products/tags/batch","https://spliffseeds.nl/wp-json/wc/v2/products/tags/batch","wp"
"spliffseeds.nl","/wc/v3/products","https://spliffseeds.nl/wp-json/wc/v3/products","wp"
"spliffseeds.nl","/wc/v3/products/(?P<id>[\d]+)","https://spliffseeds.nl/wp-json/wc/v3/products/(?P<id>[\d]+)","wp"
"spliffseeds.nl","/wc/v3/products/(?P<id>[\d]+)/duplicate","https://spliffseeds.nl/wp-json/wc/v3/products/(?P<id>[\d]+)/duplicate","wp"
"spliffseeds.nl","/wc/v3/products/(?P<product_id>[\d]+)/variations","https://spliffseeds.nl/wp-json/wc/v3/products/(?P<product_id>[\d]+)/variations","wp"
"spliffseeds.nl","/wc/v3/products/(?P<product_id>[\d]+)/variations/(?P<id>[\d]+)","https://spliffseeds.nl/wp-json/wc/v3/products/(?P<product_id>[\d]+)/variations/(?P<id>[\d]+)","wp"
"spliffseeds.nl","/wc/v3/products/(?P<product_id>[\d]+)/variations/batch","https://spliffseeds.nl/wp-json/wc/v3/products/(?P<product_id>[\d]+)/variations/batch","wp"
"spliffseeds.nl","/wc/v3/products/(?P<product_id>[\d]+)/variations/generate","https://spliffseeds.nl/wp-json/wc/v3/products/(?P<product_id>[\d]+)/variations/generate","wp"
"spliffseeds.nl","/wc/v3/products/attributes","https://spliffseeds.nl/wp-json/wc/v3/products/attributes","wp"
"spliffseeds.nl","/wc/v3/products/attributes/(?P<attribute_id>[\d]+)/terms","https://spliffseeds.nl/wp-json/wc/v3/products/attributes/(?P<attribute_id>[\d]+)/terms","wp"
"spliffseeds.nl","/wc/v3/products/attributes/(?P<attribute_id>[\d]+)/terms/(?P<id>[\d]+)","https://spliffseeds.nl/wp-json/wc/v3/products/attributes/(?P<attribute_id>[\d]+)/terms/(?P<id>[\d]+)","wp"
"spliffseeds.nl","/wc/v3/products/attributes/(?P<attribute_id>[\d]+)/terms/batch","https://spliffseeds.nl/wp-json/wc/v3/products/attributes/(?P<attribute_id>[\d]+)/terms/batch","wp"
"spliffseeds.nl","/wc/v3/products/attributes/(?P<id>[\d]+)","https://spliffseeds.nl/wp-json/wc/v3/products/attributes/(?P<id>[\d]+)","wp"
"spliffseeds.nl","/wc/v3/products/attributes/batch","https://spliffseeds.nl/wp-json/wc/v3/products/attributes/batch","wp"
"spliffseeds.nl","/wc/v3/products/batch","https://spliffseeds.nl/wp-json/wc/v3/products/batch","wp"
"spliffseeds.nl","/wc/v3/products/brands","https://spliffseeds.nl/wp-json/wc/v3/products/brands","wp"
"spliffseeds.nl","/wc/v3/products/brands/(?P<id>[\d]+)","https://spliffseeds.nl/wp-json/wc/v3/products/brands/(?P<id>[\d]+)","wp"
"spliffseeds.nl","/wc/v3/products/brands/batch","https://spliffseeds.nl/wp-json/wc/v3/products/brands/batch","wp"
"spliffseeds.nl","/wc/v3/products/categories","https://spliffseeds.nl/wp-json/wc/v3/products/categories","wp"
"spliffseeds.nl","/wc/v3/products/categories/(?P<id>[\d]+)","https://spliffseeds.nl/wp-json/wc/v3/products/categories/(?P<id>[\d]+)","wp"
"spliffseeds.nl","/wc/v3/products/categories/batch","https://spliffseeds.nl/wp-json/wc/v3/products/categories/batch","wp"
"spliffseeds.nl","/wc/v3/products/custom-fields/names","https://spliffseeds.nl/wp-json/wc/v3/products/custom-fields/names","wp"
"spliffseeds.nl","/wc/v3/products/reviews","https://spliffseeds.nl/wp-json/wc/v3/products/reviews","wp"
"spliffseeds.nl","/wc/v3/products/reviews/(?P<id>[\d]+)","https://spliffseeds.nl/wp-json/wc/v3/products/reviews/(?P<id>[\d]+)","wp"
"spliffseeds.nl","/wc/v3/products/reviews/batch","https://spliffseeds.nl/wp-json/wc/v3/products/reviews/batch","wp"
"spliffseeds.nl","/wc/v3/products/shipping_classes","https://spliffseeds.nl/wp-json/wc/v3/products/shipping_classes","wp"
"spliffseeds.nl","/wc/v3/products/shipping_classes/(?P<id>[\d]+)","https://spliffseeds.nl/wp-json/wc/v3/products/shipping_classes/(?P<id>[\d]+)","wp"
"spliffseeds.nl","/wc/v3/products/shipping_classes/batch","https://spliffseeds.nl/wp-json/wc/v3/products/shipping_classes/batch","wp"
"spliffseeds.nl","/wc/v3/products/shipping_classes/slug-suggestion","https://spliffseeds.nl/wp-json/wc/v3/products/shipping_classes/slug-suggestion","wp"
"spliffseeds.nl","/wc/v3/products/suggested-products","https://spliffseeds.nl/wp-json/wc/v3/products/suggested-products","wp"
"spliffseeds.nl","/wc/v3/products/tags","https://spliffseeds.nl/wp-json/wc/v3/products/tags","wp"
"spliffseeds.nl","/wc/v3/products/tags/(?P<id>[\d]+)","https://spliffseeds.nl/wp-json/wc/v3/products/tags/(?P<id>[\d]+)","wp"
"spliffseeds.nl","/wc/v3/products/tags/batch","https://spliffseeds.nl/wp-json/wc/v3/products/tags/batch","wp"
"spliffseeds.nl","/wp/v2/categories","https://spliffseeds.nl/wp-json/wp/v2/categories","wp"
"spliffseeds.nl","/wp/v2/categories/(?P<id>[\d]+)","https://spliffseeds.nl/wp-json/wp/v2/categories/(?P<id>[\d]+)","wp"
"spliffseeds.nl","/wp/v2/media","https://spliffseeds.nl/wp-json/wp/v2/media","wp"
"spliffseeds.nl","/wp/v2/media/(?P<id>[\d]+)","https://spliffseeds.nl/wp-json/wp/v2/media/(?P<id>[\d]+)","wp"
"spliffseeds.nl","/wp/v2/media/(?P<id>[\d]+)/edit","https://spliffseeds.nl/wp-json/wp/v2/media/(?P<id>[\d]+)/edit","wp"
"spliffseeds.nl","/wp/v2/media/(?P<id>[\d]+)/post-process","https://spliffseeds.nl/wp-json/wp/v2/media/(?P<id>[\d]+)/post-process","wp"
"spliffseeds.nl","/wp/v2/pages","https://spliffseeds.nl/wp-json/wp/v2/pages","wp"
"spliffseeds.nl","/wp/v2/pages/(?P<id>[\d]+)","https://spliffseeds.nl/wp-json/wp/v2/pages/(?P<id>[\d]+)","wp"
"spliffseeds.nl","/wp/v2/pages/(?P<id>[\d]+)/autosaves","https://spliffseeds.nl/wp-json/wp/v2/pages/(?P<id>[\d]+)/autosaves","wp"
"spliffseeds.nl","/wp/v2/pages/(?P<parent>[\d]+)/autosaves/(?P<id>[\d]+)","https://spliffseeds.nl/wp-json/wp/v2/pages/(?P<parent>[\d]+)/autosaves/(?P<id>[\d]+)","wp"
"spliffseeds.nl","/wp/v2/pages/(?P<parent>[\d]+)/revisions","https://spliffseeds.nl/wp-json/wp/v2/pages/(?P<parent>[\d]+)/revisions","wp"
"spliffseeds.nl","/wp/v2/pages/(?P<parent>[\d]+)/revisions/(?P<id>[\d]+)","https://spliffseeds.nl/wp-json/wp/v2/pages/(?P<parent>[\d]+)/revisions/(?P<id>[\d]+)","wp"
"spliffseeds.nl","/wp/v2/posts","https://spliffseeds.nl/wp-json/wp/v2/posts","wp"
"spliffseeds.nl","/wp/v2/posts/(?P<id>[\d]+)","https://spliffseeds.nl/wp-json/wp/v2/posts/(?P<id>[\d]+)","wp"
"spliffseeds.nl","/wp/v2/posts/(?P<id>[\d]+)/autosaves","https://spliffseeds.nl/wp-json/wp/v2/posts/(?P<id>[\d]+)/autosaves","wp"
"spliffseeds.nl","/wp/v2/posts/(?P<parent>[\d]+)/autosaves/(?P<id>[\d]+)","https://spliffseeds.nl/wp-json/wp/v2/posts/(?P<parent>[\d]+)/autosaves/(?P<id>[\d]+)","wp"
"spliffseeds.nl","/wp/v2/posts/(?P<parent>[\d]+)/revisions","https://spliffseeds.nl/wp-json/wp/v2/posts/(?P<parent>[\d]+)/revisions","wp"
"spliffseeds.nl","/wp/v2/posts/(?P<parent>[\d]+)/revisions/(?P<id>[\d]+)","https://spliffseeds.nl/wp-json/wp/v2/posts/(?P<parent>[\d]+)/revisions/(?P<id>[\d]+)","wp"
"spliffseeds.nl","/wp/v2/product","https://spliffseeds.nl/wp-json/wp/v2/product","wp"
"spliffseeds.nl","/wp/v2/product/(?P<id>[\d]+)","https://spliffseeds.nl/wp-json/wp/v2/product/(?P<id>[\d]+)","wp"
"spliffseeds.nl","/wp/v2/product/(?P<id>[\d]+)/autosaves","https://spliffseeds.nl/wp-json/wp/v2/product/(?P<id>[\d]+)/autosaves","wp"
"spliffseeds.nl","/wp/v2/product/(?P<parent>[\d]+)/autosaves/(?P<id>[\d]+)","https://spliffseeds.nl/wp-json/wp/v2/product/(?P<parent>[\d]+)/autosaves/(?P<id>[\d]+)","wp"
"spliffseeds.nl","/wp/v2/product_brand","https://spliffseeds.nl/wp-json/wp/v2/product_brand","wp"
"spliffseeds.nl","/wp/v2/product_brand/(?P<id>[\d]+)","https://spliffseeds.nl/wp-json/wp/v2/product_brand/(?P<id>[\d]+)","wp"
"spliffseeds.nl","/wp/v2/product_cat","https://spliffseeds.nl/wp-json/wp/v2/product_cat","wp"
"spliffseeds.nl","/wp/v2/product_cat/(?P<id>[\d]+)","https://spliffseeds.nl/wp-json/wp/v2/product_cat/(?P<id>[\d]+)","wp"
"spliffseeds.nl","/wp/v2/product_tag","https://spliffseeds.nl/wp-json/wp/v2/product_tag","wp"
"spliffseeds.nl","/wp/v2/product_tag/(?P<id>[\d]+)","https://spliffseeds.nl/wp-json/wp/v2/product_tag/(?P<id>[\d]+)","wp"
"spliffseeds.nl","/wp/v2/tags","https://spliffseeds.nl/wp-json/wp/v2/tags","wp"
"spliffseeds.nl","/wp/v2/tags/(?P<id>[\d]+)","https://spliffseeds.nl/wp-json/wp/v2/tags/(?P<id>[\d]+)","wp"
