Seedbank,Domain
Sensi Seeds,sensiseeds.com
Sensi Seeds Research,sensiseeds.com
Nirvana,nirvanashop.com
Greenhouse,greenhouseseeds.nl
Serious Seeds,seriousseeds.com
Spliff Seeds,spliffseeds.nl
Ace Seeds,aceseeds.org
Anaconda Seeds,anacondaseeds.com
Annabelle's Garden,
Barney's Farm,barneysfarm.com
Blimburn Seeds,blimburnseeds.com
Bulk Seed Bank,bulkseedbank.org
Bulldog Seeds,thebulldogseeds.com
Cannabella Genetics,cannabellagenetics.com
CBD Crew,cbdcrew.org
Chronic & Caviar,
Delicious Seeds,deliciousseeds.com
DNA Genetics,dnagenetics.com
Dr. Underground Seeds,drunderground.com
Dutch Passion,dutch-passion.com
Empire Seeds,empireseeds.com
Exotic Seeds,exoticseed.eu
Fast Buds,fastbuds.com
Female Seeds,femaleseeds.nl
G13 Labs,g13labs.com
Genehtik Seeds,genehtik.com
Green Bodhi,greenbodhi.org
House of the Great Gardener,houseofthegreatgardener.com
Humboldt Seed Company,humboldtseedcompany.com
Humboldt Seeds,humboldtseeds.net
Hyp3rids,hyp3rids.com
Kalashnikov Seeds,kalashnikov-seeds.com
Kannabia,kannabia.com
K.C. Brains,kcbrains.com
krauTHCollective,krauthcollective.com
La Semilla Automatica,lasemillaautomatica.com
Mallorca Seeds,mallorcaseeds.com
Mandala,mandalaseeds.com
Medical Seeds Co.,medicalseeds.com
Ministry of Cannabis,ministryofcannabis.com
Paradise Seeds,paradise-seeds.com
Philosopher Seeds,philosopherseeds.com
Positronics,positronicseeds.com
Prana Medical Seeds,pranamedicalseeds.com
Pyramid Seeds,pyramidseeds.com
Regular Seeds French Legacy,regularseeds.fr
Resin Seeds,resinseeds.net
Ripper Seeds,ripperseeds.com
Royal Queen Seeds,royalqueenseeds.com
Samsara Seeds,samsaraseeds.com
Seedsman,seedsman.com
Seed Stockers,seedstockers.com
Seedy Simon,seedysimon.com
Silent Seeds,silent-seeds.com
Söllner - Vadda's Marijuanabam,
Strain Hunters Seedbank,strainhunters.com
Sumo Seeds,sumoseeds.com
Super Sativa Seed Club,supersativaseedclub.com
Super Strains,superstrains.com
Sweet Seeds,sweetseeds.com
The Cali Connection,thecaliconnection.com
The North Coast Genetics,northcoastgenetics.com
The Plug Seedbank,theplugseedbank.com
T.H. Seeds,thseeds.com
Top Tao Seeds,toptaoseeds.com
Victory Seeds,victory-seeds.com
Vision Seeds,visionseeds.nl
White Label Seeds,white-label-seeds.com
World of Seeds,worldofseeds.com
