"host","title","price","link"
"aceseeds.org","3 Thai A5 Haze Feminizada","500","https://www.aceseeds.org/semillas/3-thai-a5-haze-feminizada/"
"aceseeds.org","3 Thai A5 Haze Feminizada","500","https://www.aceseeds.org/semillas/3-thai-a5-haze-feminizada/"
"aceseeds.org","3 Thai A5 Haze Feminizada","500","https://www.aceseeds.org/semillas/3-thai-a5-haze-feminizada/"
"aceseeds.org","3 Thai A5 Haze Feminizada","500","https://www.aceseeds.org/semillas/3-thai-a5-haze-feminizada/"
"aceseeds.org","3 Thai A5 Haze Feminizada","500","https://www.aceseeds.org/semillas/3-thai-a5-haze-feminizada/"
"aceseeds.org","3 Thai A5 Haze Feminizada","500","https://www.aceseeds.org/semillas/3-thai-a5-haze-feminizada/"
"aceseeds.org","3 Thai A5 Haze Feminizada","500","https://www.aceseeds.org/semillas/3-thai-a5-haze-feminizada/"
"aceseeds.org","3 Thai A5 Haze Feminizada","500","https://www.aceseeds.org/semillas/3-thai-a5-haze-feminizada/"
"aceseeds.org","3 Thai A5 Haze Feminizada","500","https://www.aceseeds.org/semillas/3-thai-a5-haze-feminizada/"
"aceseeds.org","3 Thai A5 Haze Feminizada","500","https://www.aceseeds.org/semillas/3-thai-a5-haze-feminizada/"
"aceseeds.org","3 Thai A5 Haze Feminizada","500","https://www.aceseeds.org/semillas/3-thai-a5-haze-feminizada/"
"aceseeds.org","3 Thai A5 Haze Feminizada","500","https://www.aceseeds.org/semillas/3-thai-a5-haze-feminizada/"
"aceseeds.org","3 Thai A5 Haze Feminizada","500","https://www.aceseeds.org/semillas/3-thai-a5-haze-feminizada/"
"aceseeds.org","3 Thai A5 Haze Feminizada","500","https://www.aceseeds.org/semillas/3-thai-a5-haze-feminizada/"
"aceseeds.org","3 Thai A5 Haze Feminizada","500","https://www.aceseeds.org/semillas/3-thai-a5-haze-feminizada/"
"aceseeds.org","3 Thai A5 Haze Feminizada","500","https://www.aceseeds.org/semillas/3-thai-a5-haze-feminizada/"
"aceseeds.org","3 Thai A5 Haze Feminizada","500","https://www.aceseeds.org/semillas/3-thai-a5-haze-feminizada/"
"aceseeds.org","3 Thai A5 Haze Feminizada","500","https://www.aceseeds.org/semillas/3-thai-a5-haze-feminizada/"
"aceseeds.org","3 Thai A5 Haze Feminizada","500","https://www.aceseeds.org/semillas/3-thai-a5-haze-feminizada/"
"aceseeds.org","3 Thai A5 Haze Feminizada","500","https://www.aceseeds.org/semillas/3-thai-a5-haze-feminizada/"
"aceseeds.org","3 Thai A5 Haze Feminizada","500","https://www.aceseeds.org/semillas/3-thai-a5-haze-feminizada/"
"aceseeds.org","3 Thai A5 Haze Feminizada","500","https://www.aceseeds.org/semillas/3-thai-a5-haze-feminizada/"
"aceseeds.org","3 Thai A5 Haze Feminizada","500","https://www.aceseeds.org/semillas/3-thai-a5-haze-feminizada/"
"aceseeds.org","3 Thai A5 Haze Feminizada","500","https://www.aceseeds.org/semillas/3-thai-a5-haze-feminizada/"
"aceseeds.org","3 Thai A5 Haze Feminizada","500","https://www.aceseeds.org/semillas/3-thai-a5-haze-feminizada/"
"aceseeds.org","3 Thai A5 Haze Feminizada","500","https://www.aceseeds.org/semillas/3-thai-a5-haze-feminizada/"
"aceseeds.org","3 Thai A5 Haze Feminizada","500","https://www.aceseeds.org/semillas/3-thai-a5-haze-feminizada/"
"aceseeds.org","3 Thai A5 Haze Feminizada","500","https://www.aceseeds.org/semillas/3-thai-a5-haze-feminizada/"
"aceseeds.org","3 Thai A5 Haze Feminizada","500","https://www.aceseeds.org/semillas/3-thai-a5-haze-feminizada/"
"aceseeds.org","3 Thai A5 Haze Feminizada","500","https://www.aceseeds.org/semillas/3-thai-a5-haze-feminizada/"
"aceseeds.org","3 Thai A5 Haze Feminizada","500","https://www.aceseeds.org/semillas/3-thai-a5-haze-feminizada/"
"aceseeds.org","3 Thai A5 Haze Feminizada","500","https://www.aceseeds.org/semillas/3-thai-a5-haze-feminizada/"
"aceseeds.org","3 Thai A5 Haze Feminizada","500","https://www.aceseeds.org/semillas/3-thai-a5-haze-feminizada/"
"aceseeds.org","3 Thai A5 Haze Feminizada","500","https://www.aceseeds.org/semillas/3-thai-a5-haze-feminizada/"
"aceseeds.org","3 Thai A5 Haze Feminizada","500","https://www.aceseeds.org/semillas/3-thai-a5-haze-feminizada/"
"aceseeds.org","3 Thai A5 Haze Feminizada","500","https://www.aceseeds.org/semillas/3-thai-a5-haze-feminizada/"
"aceseeds.org","3 Thai A5 Haze Feminizada","500","https://www.aceseeds.org/semillas/3-thai-a5-haze-feminizada/"
"aceseeds.org","3 Thai A5 Haze Feminizada","500","https://www.aceseeds.org/semillas/3-thai-a5-haze-feminizada/"
"aceseeds.org","3 Thai A5 Haze Feminizada","500","https://www.aceseeds.org/semillas/3-thai-a5-haze-feminizada/"
"aceseeds.org","3 Thai A5 Haze Feminizada","500","https://www.aceseeds.org/semillas/3-thai-a5-haze-feminizada/"
"aceseeds.org","3 Thai A5 Haze Feminizada","500","https://www.aceseeds.org/semillas/3-thai-a5-haze-feminizada/"
"aceseeds.org","3 Thai A5 Haze Feminizada","500","https://www.aceseeds.org/semillas/3-thai-a5-haze-feminizada/"
"aceseeds.org","3 Thai A5 Haze Feminizada","500","https://www.aceseeds.org/semillas/3-thai-a5-haze-feminizada/"
"aceseeds.org","3 Thai A5 Haze Feminizada","500","https://www.aceseeds.org/semillas/3-thai-a5-haze-feminizada/"
"aceseeds.org","3 Thai A5 Haze Feminizada","500","https://www.aceseeds.org/semillas/3-thai-a5-haze-feminizada/"
"aceseeds.org","3 Thai A5 Haze Feminizada","500","https://www.aceseeds.org/semillas/3-thai-a5-haze-feminizada/"
"aceseeds.org","3 Thai A5 Haze Feminizada","500","https://www.aceseeds.org/semillas/3-thai-a5-haze-feminizada/"
"aceseeds.org","3 Thai A5 Haze Feminizada","500","https://www.aceseeds.org/semillas/3-thai-a5-haze-feminizada/"
"aceseeds.org","3 Thai A5 Haze Feminizada","500","https://www.aceseeds.org/semillas/3-thai-a5-haze-feminizada/"
"aceseeds.org","3 Thai A5 Haze Feminizada","500","https://www.aceseeds.org/semillas/3-thai-a5-haze-feminizada/"
"aceseeds.org","3 Thai A5 Haze Feminizada","500","https://www.aceseeds.org/semillas/3-thai-a5-haze-feminizada/"
"aceseeds.org","3 Thai A5 Haze Feminizada","500","https://www.aceseeds.org/semillas/3-thai-a5-haze-feminizada/"
"aceseeds.org","3 Thai A5 Haze Feminizada","500","https://www.aceseeds.org/semillas/3-thai-a5-haze-feminizada/"
"aceseeds.org","3 Thai A5 Haze Feminizada","500","https://www.aceseeds.org/semillas/3-thai-a5-haze-feminizada/"
"aceseeds.org","3 Thai A5 Haze Feminizada","500","https://www.aceseeds.org/semillas/3-thai-a5-haze-feminizada/"
"aceseeds.org","3 Thai A5 Haze Feminizada","500","https://www.aceseeds.org/semillas/3-thai-a5-haze-feminizada/"
"aceseeds.org","3 Thai A5 Haze Feminizada","500","https://www.aceseeds.org/semillas/3-thai-a5-haze-feminizada/"
"aceseeds.org","3 Thai A5 Haze Feminizada","500","https://www.aceseeds.org/semillas/3-thai-a5-haze-feminizada/"
"aceseeds.org","3 Thai A5 Haze Feminizada","500","https://www.aceseeds.org/semillas/3-thai-a5-haze-feminizada/"
"aceseeds.org","3 Thai A5 Haze Feminizada","500","https://www.aceseeds.org/semillas/3-thai-a5-haze-feminizada/"
"aceseeds.org","3 Thai A5 Haze Feminizada","500","https://www.aceseeds.org/semillas/3-thai-a5-haze-feminizada/"
"aceseeds.org","3 Thai A5 Haze Feminizada","500","https://www.aceseeds.org/semillas/3-thai-a5-haze-feminizada/"
"aceseeds.org","3 Thai A5 Haze Feminizada","500","https://www.aceseeds.org/semillas/3-thai-a5-haze-feminizada/"
"aceseeds.org","3 Thai A5 Haze Feminizada","500","https://www.aceseeds.org/semillas/3-thai-a5-haze-feminizada/"
"aceseeds.org","3 Thai A5 Haze Feminizada","500","https://www.aceseeds.org/semillas/3-thai-a5-haze-feminizada/"
"aceseeds.org","3 Thai A5 Haze Feminizada","500","https://www.aceseeds.org/semillas/3-thai-a5-haze-feminizada/"
"aceseeds.org","3 Thai A5 Haze Feminizada","500","https://www.aceseeds.org/semillas/3-thai-a5-haze-feminizada/"
"aceseeds.org","3 Thai A5 Haze Feminizada","500","https://www.aceseeds.org/semillas/3-thai-a5-haze-feminizada/"
"aceseeds.org","3 Thai A5 Haze Feminizada","500","https://www.aceseeds.org/semillas/3-thai-a5-haze-feminizada/"
"aceseeds.org","3 Thai A5 Haze Feminizada","500","https://www.aceseeds.org/semillas/3-thai-a5-haze-feminizada/"
"aceseeds.org","3 Thai A5 Haze Feminizada","500","https://www.aceseeds.org/semillas/3-thai-a5-haze-feminizada/"
"aceseeds.org","3 Thai A5 Haze Feminizada","500","https://www.aceseeds.org/semillas/3-thai-a5-haze-feminizada/"
"aceseeds.org","3 Thai A5 Haze Feminizada","500","https://www.aceseeds.org/semillas/3-thai-a5-haze-feminizada/"
"aceseeds.org","3 Thai A5 Haze Feminizada","500","https://www.aceseeds.org/semillas/3-thai-a5-haze-feminizada/"
"aceseeds.org","3 Thai A5 Haze Feminizada","500","https://www.aceseeds.org/semillas/3-thai-a5-haze-feminizada/"
"aceseeds.org","3 Thai A5 Haze Feminizada","500","https://www.aceseeds.org/semillas/3-thai-a5-haze-feminizada/"
"aceseeds.org","3 Thai A5 Haze Feminizada","500","https://www.aceseeds.org/semillas/3-thai-a5-haze-feminizada/"
"aceseeds.org","3 Thai A5 Haze Feminizada","500","https://www.aceseeds.org/semillas/3-thai-a5-haze-feminizada/"
"aceseeds.org","3 Thai A5 Haze Feminizada","500","https://www.aceseeds.org/semillas/3-thai-a5-haze-feminizada/"
"aceseeds.org","3 Thai A5 Haze Feminizada","500","https://www.aceseeds.org/semillas/3-thai-a5-haze-feminizada/"
"aceseeds.org","3 Thai A5 Haze Feminizada","500","https://www.aceseeds.org/semillas/3-thai-a5-haze-feminizada/"
"aceseeds.org","3 Thai A5 Haze Feminizada","500","https://www.aceseeds.org/semillas/3-thai-a5-haze-feminizada/"
"aceseeds.org","3 Thai A5 Haze Feminizada","500","https://www.aceseeds.org/semillas/3-thai-a5-haze-feminizada/"
"aceseeds.org","3 Thai A5 Haze Feminizada","500","https://www.aceseeds.org/semillas/3-thai-a5-haze-feminizada/"
"aceseeds.org","3 Thai A5 Haze Feminizada","500","https://www.aceseeds.org/semillas/3-thai-a5-haze-feminizada/"
"aceseeds.org","3 Thai A5 Haze Feminizada","500","https://www.aceseeds.org/semillas/3-thai-a5-haze-feminizada/"
"aceseeds.org","3 Thai A5 Haze Feminizada","500","https://www.aceseeds.org/semillas/3-thai-a5-haze-feminizada/"
"aceseeds.org","3 Thai A5 Haze Feminizada","500","https://www.aceseeds.org/semillas/3-thai-a5-haze-feminizada/"
"aceseeds.org","3 Thai A5 Haze Feminizada","500","https://www.aceseeds.org/semillas/3-thai-a5-haze-feminizada/"
"aceseeds.org","3 Thai A5 Haze Feminizada","500","https://www.aceseeds.org/semillas/3-thai-a5-haze-feminizada/"
"aceseeds.org","3 Thai A5 Haze Feminizada","500","https://www.aceseeds.org/semillas/3-thai-a5-haze-feminizada/"
"aceseeds.org","3 Thai A5 Haze Feminizada","500","https://www.aceseeds.org/semillas/3-thai-a5-haze-feminizada/"
"aceseeds.org","3 Thai A5 Haze Feminizada","500","https://www.aceseeds.org/semillas/3-thai-a5-haze-feminizada/"
"aceseeds.org","3 Thai A5 Haze Feminizada","500","https://www.aceseeds.org/semillas/3-thai-a5-haze-feminizada/"
"aceseeds.org","3 Thai A5 Haze Feminizada","500","https://www.aceseeds.org/semillas/3-thai-a5-haze-feminizada/"
"aceseeds.org","3 Thai A5 Haze Feminizada","500","https://www.aceseeds.org/semillas/3-thai-a5-haze-feminizada/"
"aceseeds.org","3 Thai A5 Haze Feminizada","500","https://www.aceseeds.org/semillas/3-thai-a5-haze-feminizada/"
"aceseeds.org","3 Thai A5 Haze Feminizada","500","https://www.aceseeds.org/semillas/3-thai-a5-haze-feminizada/"
"aceseeds.org","3 Thai A5 Haze Feminizada","500","https://www.aceseeds.org/semillas/3-thai-a5-haze-feminizada/"
"aceseeds.org","3 Thai A5 Haze Feminizada","500","https://www.aceseeds.org/semillas/3-thai-a5-haze-feminizada/"
"aceseeds.org","3 Thai A5 Haze Feminizada","500","https://www.aceseeds.org/semillas/3-thai-a5-haze-feminizada/"
"aceseeds.org","3 Thai A5 Haze Feminizada","500","https://www.aceseeds.org/semillas/3-thai-a5-haze-feminizada/"
"aceseeds.org","3 Thai A5 Haze Feminizada","500","https://www.aceseeds.org/semillas/3-thai-a5-haze-feminizada/"
"aceseeds.org","3 Thai A5 Haze Feminizada","500","https://www.aceseeds.org/semillas/3-thai-a5-haze-feminizada/"
"aceseeds.org","3 Thai A5 Haze Feminizada","500","https://www.aceseeds.org/semillas/3-thai-a5-haze-feminizada/"
"aceseeds.org","3 Thai A5 Haze Feminizada","500","https://www.aceseeds.org/semillas/3-thai-a5-haze-feminizada/"
"aceseeds.org","3 Thai A5 Haze Feminizada","500","https://www.aceseeds.org/semillas/3-thai-a5-haze-feminizada/"
"aceseeds.org","3 Thai A5 Haze Feminizada","500","https://www.aceseeds.org/semillas/3-thai-a5-haze-feminizada/"
"aceseeds.org","3 Thai A5 Haze Feminizada","500","https://www.aceseeds.org/semillas/3-thai-a5-haze-feminizada/"
"aceseeds.org","3 Thai A5 Haze Feminizada","500","https://www.aceseeds.org/semillas/3-thai-a5-haze-feminizada/"
"aceseeds.org","3 Thai A5 Haze Feminizada","500","https://www.aceseeds.org/semillas/3-thai-a5-haze-feminizada/"
"aceseeds.org","3 Thai A5 Haze Feminizada","500","https://www.aceseeds.org/semillas/3-thai-a5-haze-feminizada/"
"aceseeds.org","3 Thai A5 Haze Feminizada","500","https://www.aceseeds.org/semillas/3-thai-a5-haze-feminizada/"
"aceseeds.org","3 Thai A5 Haze Feminizada","500","https://www.aceseeds.org/semillas/3-thai-a5-haze-feminizada/"
"aceseeds.org","3 Thai A5 Haze Feminizada","500","https://www.aceseeds.org/semillas/3-thai-a5-haze-feminizada/"
"aceseeds.org","3 Thai A5 Haze Feminizada","500","https://www.aceseeds.org/semillas/3-thai-a5-haze-feminizada/"
"aceseeds.org","3 Thai A5 Haze Feminizada","500","https://www.aceseeds.org/semillas/3-thai-a5-haze-feminizada/"
"aceseeds.org","3 Thai A5 Haze Feminizada","500","https://www.aceseeds.org/semillas/3-thai-a5-haze-feminizada/"
"aceseeds.org","3 Thai A5 Haze Feminizada","500","https://www.aceseeds.org/semillas/3-thai-a5-haze-feminizada/"
"aceseeds.org","3 Thai A5 Haze Feminizada","500","https://www.aceseeds.org/semillas/3-thai-a5-haze-feminizada/"
"aceseeds.org","3 Thai A5 Haze Feminizada","500","https://www.aceseeds.org/semillas/3-thai-a5-haze-feminizada/"
"aceseeds.org","3 Thai A5 Haze Feminizada","500","https://www.aceseeds.org/semillas/3-thai-a5-haze-feminizada/"
"aceseeds.org","3 Thai A5 Haze Feminizada","500","https://www.aceseeds.org/semillas/3-thai-a5-haze-feminizada/"
"aceseeds.org","3 Thai A5 Haze Feminizada","500","https://www.aceseeds.org/semillas/3-thai-a5-haze-feminizada/"
"aceseeds.org","3 Thai A5 Haze Feminizada","500","https://www.aceseeds.org/semillas/3-thai-a5-haze-feminizada/"
"aceseeds.org","3 Thai A5 Haze Feminizada","500","https://www.aceseeds.org/semillas/3-thai-a5-haze-feminizada/"
"aceseeds.org","3 Thai A5 Haze Feminizada","500","https://www.aceseeds.org/semillas/3-thai-a5-haze-feminizada/"
"aceseeds.org","3 Thai A5 Haze Feminizada","500","https://www.aceseeds.org/semillas/3-thai-a5-haze-feminizada/"
