"Kind","URL","HostName"
"wc_store","https://aceseeds.org/wp-json/wc/store/products","aceseeds.org"
"wp_product","https://aceseeds.org/wp-json/wp/v2/product","aceseeds.org"
"wc_store","https://blimburnseeds.com/wp-json/wc/store/products","blimburnseeds.com"
"wp_product","https://blimburnseeds.com/wp-json/wp/v2/product","blimburnseeds.com"
"wc_store","https://bulkseedbank.org/wp-json/wc/store/products","bulkseedbank.org"
"wp_product","https://bulkseedbank.org/wp-json/wp/v2/product","bulkseedbank.org"
"wc_store","https://dnagenetics.com/wp-json/wc/store/products","dnagenetics.com"
"wp_product","https://dnagenetics.com/wp-json/wp/v2/product","dnagenetics.com"
"wc_store","https://drunderground.com/wp-json/wc/store/products","drunderground.com"
"wp_product","https://drunderground.com/wp-json/wp/v2/product","drunderground.com"
"wc_store","https://genehtik.com/wp-json/wc/store/products","genehtik.com"
"wp_product","https://genehtik.com/wp-json/wp/v2/product","genehtik.com"
"wc_store","https://greenbodhi.org/wp-json/wc/store/products","greenbodhi.org"
"wp_product","https://greenbodhi.org/wp-json/wp/v2/product","greenbodhi.org"
"wc_store","https://hyp3rids.com/wp-json/wc/store/products","hyp3rids.com"
"wc_store","https://kcbrains.com/wp-json/wc/store/products","kcbrains.com"
"wp_product","https://kcbrains.com/wp-json/wp/v2/product","kcbrains.com"
"wc_store","https://lasemillaautomatica.com/wp-json/wc/store/products","lasemillaautomatica.com"
"wp_product","https://lasemillaautomatica.com/wp-json/wp/v2/product","lasemillaautomatica.com"
"shopify","https://nirvanashop.com/products.json","nirvanashop.com"
"wc_store","https://northcoastgenetics.com/wp-json/wc/store/products","northcoastgenetics.com"
"wp_product","https://northcoastgenetics.com/wp-json/wp/v2/product","northcoastgenetics.com"
"wc_store","https://paradise-seeds.com/wp-json/wc/store/products","paradise-seeds.com"
"wc_store","https://spliffseeds.nl/wp-json/wc/store/products","spliffseeds.nl"
"wp_product","https://spliffseeds.nl/wp-json/wp/v2/product","spliffseeds.nl"
"wc_store","https://thebulldogseeds.com/wp-json/wc/store/products","thebulldogseeds.com"
"wp_product","https://thebulldogseeds.com/wp-json/wp/v2/product","thebulldogseeds.com"
"wc_store","https://visionseeds.nl/wp-json/wc/store/products","visionseeds.nl"
"wp_product","https://visionseeds.nl/wp-json/wp/v2/product","visionseeds.nl"
